2023-02-28 16:26:43,225,logger name,INFO,2,1677619603225146000,0,CREATE,(pid: 25555), (speed: 6), (recp: [1, 3]), (id: 2),None
2023-02-28 16:26:43,225,logger name,INFO,1,1677619603225146000,0,CREATE,(pid: 25554), (speed: 5), (recp: [2, 3]), (id: 1),None
2023-02-28 16:26:43,225,logger name,INFO,3,1677619603225146000,0,CREATE,(pid: 25556), (speed: 1), (recp: [1, 2]), (id: 3),None
2023-02-28 16:26:43,392,logger name,INFO,2,1677619603392090000,1,INTERNAL,2,5,None
2023-02-28 16:26:43,426,logger name,INFO,1,1677619603426324000,1,SEND,1->2,None
2023-02-28 16:26:43,559,logger name,INFO,2,1677619603559328000,2,SEND,2->3,None
2023-02-28 16:26:43,626,logger name,INFO,1,1677619603626220000,2,INTERNAL,1,6,None
2023-02-28 16:26:43,726,logger name,INFO,2,1677619603726083000,3,INTERNAL,2,7,None
2023-02-28 16:26:43,826,logger name,INFO,1,1677619603826731000,3,SEND,1->3,None
2023-02-28 16:26:43,893,logger name,INFO,2,1677619603893670000,4,SEND,2->3,None
2023-02-28 16:26:44,026,logger name,INFO,1,1677619604026834000,4,INTERNAL,1,9,None
2023-02-28 16:26:44,060,logger name,INFO,2,1677619604060590000,5,INTERNAL,2,8,None
2023-02-28 16:26:44,225,logger name,INFO,3,1677619604225752000,3,RECEIVED,2->3,2
2023-02-28 16:26:44,227,logger name,INFO,1,1677619604227302000,5,INTERNAL,1,9,None
2023-02-28 16:26:44,228,logger name,INFO,2,1677619604228662000,6,SEND,2->3,None
2023-02-28 16:26:44,396,logger name,INFO,2,1677619604396150000,7,INTERNAL,2,9,None
2023-02-28 16:26:44,428,logger name,INFO,1,1677619604428397000,6,SEND,1->2,None
2023-02-28 16:26:44,428,logger name,INFO,1,1677619604428861000,6,SEND,1->3,None
2023-02-28 16:26:44,563,logger name,INFO,2,1677619604563238000,8,INTERNAL,2,5,None
2023-02-28 16:26:44,629,logger name,INFO,1,1677619604629356000,7,INTERNAL,1,5,None
2023-02-28 16:26:44,730,logger name,INFO,2,1677619604730494000,9,INTERNAL,2,7,None
2023-02-28 16:26:44,830,logger name,INFO,1,1677619604829967000,8,INTERNAL,1,6,None
2023-02-28 16:26:44,897,logger name,INFO,2,1677619604897471000,10,SEND,2->1,None
2023-02-28 16:26:45,031,logger name,INFO,1,1677619605031071000,11,INTERNAL,1,8,None
2023-02-28 16:26:45,064,logger name,INFO,2,1677619605064950000,11,SEND,2->3,None
2023-02-28 16:26:45,225,logger name,INFO,3,1677619605225833000,4,RECEIVED,1->3,4
2023-02-28 16:26:45,232,logger name,INFO,1,1677619605232369000,12,INTERNAL,1,5,None
2023-02-28 16:26:45,232,logger name,INFO,2,1677619605232697000,12,SEND,2->1,None
2023-02-28 16:26:45,233,logger name,INFO,2,1677619605233135000,12,SEND,2->3,None
2023-02-28 16:26:45,399,logger name,INFO,2,1677619605399786000,13,SEND,2->1,None
2023-02-28 16:26:45,400,logger name,INFO,2,1677619605400195000,13,SEND,2->3,None
2023-02-28 16:26:45,432,logger name,INFO,1,1677619605432411000,13,RECEIVED,2->1,1
2023-02-28 16:26:45,566,logger name,INFO,2,1677619605566672000,14,INTERNAL,2,4,None
2023-02-28 16:26:45,633,logger name,INFO,1,1677619605633212000,14,INTERNAL,1,5,None
2023-02-28 16:26:45,734,logger name,INFO,2,1677619605734738000,15,INTERNAL,2,5,None
2023-02-28 16:26:45,834,logger name,INFO,1,1677619605834384000,15,INTERNAL,1,8,None
2023-02-28 16:26:45,901,logger name,INFO,2,1677619605901957000,16,INTERNAL,2,5,None
2023-02-28 16:26:46,034,logger name,INFO,1,1677619606034545000,16,INTERNAL,1,10,None
2023-02-28 16:26:46,068,logger name,INFO,2,1677619606068880000,17,INTERNAL,2,9,None
2023-02-28 16:26:46,226,logger name,INFO,3,1677619606226874000,5,RECEIVED,2->3,5
2023-02-28 16:26:46,234,logger name,INFO,1,1677619606234774000,17,INTERNAL,1,9,None
2023-02-28 16:26:46,236,logger name,INFO,2,1677619606236268000,18,INTERNAL,2,7,None
2023-02-28 16:26:46,403,logger name,INFO,2,1677619606403900000,19,INTERNAL,2,6,None
2023-02-28 16:26:46,435,logger name,INFO,1,1677619606435939000,18,INTERNAL,1,7,None
2023-02-28 16:26:46,570,logger name,INFO,2,1677619606570815000,20,INTERNAL,2,5,None
2023-02-28 16:26:46,636,logger name,INFO,1,1677619606636801000,19,SEND,1->2,None
2023-02-28 16:26:46,738,logger name,INFO,2,1677619606738229000,21,INTERNAL,2,10,None
2023-02-28 16:26:46,837,logger name,INFO,1,1677619606837188000,20,INTERNAL,1,4,None
2023-02-28 16:26:46,905,logger name,INFO,2,1677619606905136000,22,INTERNAL,2,8,None
2023-02-28 16:26:47,038,logger name,INFO,1,1677619607038268000,21,INTERNAL,1,8,None
2023-02-28 16:26:47,072,logger name,INFO,2,1677619607072382000,23,INTERNAL,2,6,None
2023-02-28 16:26:47,228,logger name,INFO,3,1677619607228035000,7,RECEIVED,2->3,4
2023-02-28 16:26:47,238,logger name,INFO,1,1677619607238580000,22,SEND,1->3,None
2023-02-28 16:26:47,239,logger name,INFO,2,1677619607239731000,24,INTERNAL,2,4,None
2023-02-28 16:26:47,406,logger name,INFO,2,1677619607406729000,25,SEND,2->3,None
2023-02-28 16:26:47,439,logger name,INFO,1,1677619607439092000,23,INTERNAL,1,9,None
2023-02-28 16:26:47,573,logger name,INFO,2,1677619607573465000,26,INTERNAL,2,9,None
2023-02-28 16:26:47,640,logger name,INFO,1,1677619607640200000,24,INTERNAL,1,9,None
2023-02-28 16:26:47,741,logger name,INFO,2,1677619607741253000,27,INTERNAL,2,10,None
2023-02-28 16:26:47,840,logger name,INFO,1,1677619607840516000,25,INTERNAL,1,5,None
2023-02-28 16:26:47,908,logger name,INFO,2,1677619607908660000,28,INTERNAL,2,4,None
2023-02-28 16:26:48,041,logger name,INFO,1,1677619608041625000,26,INTERNAL,1,4,None
2023-02-28 16:26:48,075,logger name,INFO,2,1677619608075941000,29,INTERNAL,2,6,None
2023-02-28 16:26:48,228,logger name,INFO,3,1677619608228935000,8,RECEIVED,1->3,5
2023-02-28 16:26:48,242,logger name,INFO,1,1677619608242180000,27,INTERNAL,1,8,None
2023-02-28 16:26:48,243,logger name,INFO,2,1677619608243718000,30,SEND,2->3,None
2023-02-28 16:26:48,411,logger name,INFO,2,1677619608411482000,31,INTERNAL,2,7,None
2023-02-28 16:26:48,443,logger name,INFO,1,1677619608443327000,28,INTERNAL,1,10,None
2023-02-28 16:26:48,578,logger name,INFO,2,1677619608578581000,32,SEND,2->3,None
2023-02-28 16:26:48,644,logger name,INFO,1,1677619608644202000,29,INTERNAL,1,5,None
2023-02-28 16:26:48,746,logger name,INFO,2,1677619608746394000,33,INTERNAL,2,7,None
2023-02-28 16:26:48,845,logger name,INFO,1,1677619608845510000,30,SEND,1->3,None
2023-02-28 16:26:48,913,logger name,INFO,2,1677619608913257000,34,INTERNAL,2,5,None
2023-02-28 16:26:49,045,logger name,INFO,1,1677619609045809000,31,INTERNAL,1,5,None
2023-02-28 16:26:49,081,logger name,INFO,2,1677619609081180000,35,INTERNAL,2,10,None
2023-02-28 16:26:49,229,logger name,INFO,3,1677619609229600000,12,RECEIVED,2->3,7
2023-02-28 16:26:49,246,logger name,INFO,1,1677619609246925000,32,INTERNAL,1,7,None
2023-02-28 16:26:49,248,logger name,INFO,2,1677619609248316000,36,INTERNAL,2,4,None
2023-02-28 16:26:49,415,logger name,INFO,2,1677619609415675000,37,INTERNAL,2,9,None
2023-02-28 16:26:49,448,logger name,INFO,1,1677619609448429000,33,SEND,1->2,None
2023-02-28 16:26:49,583,logger name,INFO,2,1677619609583447000,38,SEND,2->3,None
2023-02-28 16:26:49,649,logger name,INFO,1,1677619609648985000,34,INTERNAL,1,9,None
2023-02-28 16:26:49,750,logger name,INFO,2,1677619609750891000,39,SEND,2->1,None
2023-02-28 16:26:49,849,logger name,INFO,1,1677619609849155000,40,INTERNAL,1,5,None
2023-02-28 16:26:49,918,logger name,INFO,2,1677619609918751000,40,INTERNAL,2,7,None
2023-02-28 16:26:50,049,logger name,INFO,1,1677619610049822000,41,INTERNAL,1,8,None
2023-02-28 16:26:50,085,logger name,INFO,2,1677619610085811000,41,SEND,2->1,None
2023-02-28 16:26:50,086,logger name,INFO,2,1677619610086306000,41,SEND,2->3,None
2023-02-28 16:26:50,229,logger name,INFO,3,1677619610229548000,13,RECEIVED,2->3,8
2023-02-28 16:26:50,250,logger name,INFO,1,1677619610250493000,42,INTERNAL,1,6,None
2023-02-28 16:26:50,253,logger name,INFO,2,1677619610253144000,42,INTERNAL,2,6,None
2023-02-28 16:26:50,421,logger name,INFO,2,1677619610421014000,43,INTERNAL,2,4,None
2023-02-28 16:26:50,451,logger name,INFO,1,1677619610451391000,43,INTERNAL,1,7,None
2023-02-28 16:26:50,588,logger name,INFO,2,1677619610588347000,44,SEND,2->3,None
2023-02-28 16:26:50,651,logger name,INFO,1,1677619610651510000,44,INTERNAL,1,4,None
2023-02-28 16:26:50,755,logger name,INFO,2,1677619610755106000,45,INTERNAL,2,4,None
2023-02-28 16:26:50,852,logger name,INFO,1,1677619610852438000,45,SEND,1->2,None
2023-02-28 16:26:50,852,logger name,INFO,1,1677619610852968000,45,SEND,1->3,None
2023-02-28 16:26:50,922,logger name,INFO,2,1677619610922025000,46,INTERNAL,2,4,None
2023-02-28 16:26:51,052,logger name,INFO,1,1677619611052283000,46,INTERNAL,1,6,None
2023-02-28 16:26:51,089,logger name,INFO,2,1677619611089192000,47,INTERNAL,2,8,None
2023-02-28 16:26:51,230,logger name,INFO,3,1677619611230298000,14,RECEIVED,2->3,9
2023-02-28 16:26:51,252,logger name,INFO,1,1677619611252548000,47,INTERNAL,1,4,None
2023-02-28 16:26:51,256,logger name,INFO,2,1677619611256467000,48,INTERNAL,2,9,None
2023-02-28 16:26:51,424,logger name,INFO,2,1677619611424294000,49,SEND,2->1,None
2023-02-28 16:26:51,424,logger name,INFO,2,1677619611424754000,49,SEND,2->3,None
2023-02-28 16:26:51,452,logger name,INFO,1,1677619611452616000,50,SEND,1->3,None
2023-02-28 16:26:51,592,logger name,INFO,2,1677619611592135000,50,SEND,2->3,None
2023-02-28 16:26:51,652,logger name,INFO,1,1677619611652860000,51,INTERNAL,1,5,None
2023-02-28 16:26:51,760,logger name,INFO,2,1677619611760240000,51,SEND,2->3,None
2023-02-28 16:29:10,930,logger name,INFO,1,1677619750930565000,0,CREATE,(pid: 25685), (speed: 5), (recp: [2, 3]), (id: 1),None
2023-02-28 16:29:10,930,logger name,INFO,2,1677619750930565000,0,CREATE,(pid: 25686), (speed: 4), (recp: [1, 3]), (id: 2),None
2023-02-28 16:29:10,930,logger name,INFO,3,1677619750930564000,0,CREATE,(pid: 25687), (speed: 2), (recp: [1, 2]), (id: 3),None
2023-02-28 16:29:11,132,logger name,INFO,1,1677619751131990000,1,INTERNAL,1,10,None
2023-02-28 16:29:11,182,logger name,INFO,2,1677619751182290000,1,SEND,2->3,None
2023-02-28 16:29:11,332,logger name,INFO,1,1677619751332775000,2,INTERNAL,1,5,None
2023-02-28 16:29:11,432,logger name,INFO,3,1677619751431992000,2,INTERNAL,3,7,None
2023-02-28 16:29:11,433,logger name,INFO,2,1677619751433093000,2,INTERNAL,2,7,None
2023-02-28 16:29:11,533,logger name,INFO,1,1677619751533218000,3,INTERNAL,1,9,None
2023-02-28 16:29:11,684,logger name,INFO,2,1677619751684118000,3,SEND,2->1,None
2023-02-28 16:29:11,734,logger name,INFO,1,1677619751734068000,4,INTERNAL,1,5,None
2023-02-28 16:29:11,932,logger name,INFO,3,1677619751932214000,3,INTERNAL,3,7,None
2023-02-28 16:29:11,934,logger name,INFO,1,1677619751934691000,5,INTERNAL,1,7,None
2023-02-28 16:29:11,934,logger name,INFO,2,1677619751934821000,4,SEND,2->3,None
2023-02-28 16:29:12,134,logger name,INFO,1,1677619752134710000,6,INTERNAL,1,8,None
2023-02-28 16:29:12,185,logger name,INFO,2,1677619752185250000,5,SEND,2->3,None
2023-02-28 16:29:12,335,logger name,INFO,1,1677619752335436000,7,INTERNAL,1,8,None
2023-02-28 16:29:12,432,logger name,INFO,3,1677619752432458000,5,RECEIVED,2->3,1
2023-02-28 16:29:12,436,logger name,INFO,2,1677619752436348000,6,INTERNAL,2,4,None
2023-02-28 16:29:12,535,logger name,INFO,1,1677619752535569000,8,INTERNAL,1,8,None
2023-02-28 16:29:12,687,logger name,INFO,2,1677619752687222000,7,INTERNAL,2,6,None
2023-02-28 16:29:12,735,logger name,INFO,1,1677619752735953000,9,INTERNAL,1,8,None
2023-02-28 16:29:12,933,logger name,INFO,3,1677619752933519000,6,INTERNAL,3,5,None
2023-02-28 16:29:12,937,logger name,INFO,2,1677619752937194000,8,INTERNAL,2,6,None
2023-02-28 16:29:12,937,logger name,INFO,1,1677619752937303000,10,INTERNAL,1,4,None
2023-02-28 16:29:13,137,logger name,INFO,1,1677619753137667000,11,INTERNAL,1,4,None
2023-02-28 16:29:13,187,logger name,INFO,2,1677619753187631000,9,SEND,2->1,None
2023-02-28 16:29:13,187,logger name,INFO,2,1677619753187951000,9,SEND,2->3,None
2023-02-28 16:29:13,337,logger name,INFO,1,1677619753337786000,12,INTERNAL,1,4,None
2023-02-28 16:29:13,433,logger name,INFO,3,1677619753433945000,10,SEND,3->2,None
2023-02-28 16:29:13,438,logger name,INFO,2,1677619753438248000,11,SEND,2->1,None
2023-02-28 16:29:13,538,logger name,INFO,1,1677619753538371000,13,INTERNAL,1,6,None
2023-02-28 16:29:13,688,logger name,INFO,2,1677619753688308000,12,INTERNAL,2,10,None
2023-02-28 16:29:13,739,logger name,INFO,1,1677619753739033000,14,INTERNAL,1,5,None
2023-02-28 16:29:13,934,logger name,INFO,3,1677619753934315000,11,INTERNAL,3,10,None
2023-02-28 16:29:13,938,logger name,INFO,2,1677619753938696000,13,SEND,2->1,None
2023-02-28 16:29:13,938,logger name,INFO,2,1677619753938954000,13,SEND,2->3,None
2023-02-28 16:29:13,939,logger name,INFO,1,1677619753939795000,15,INTERNAL,1,10,None
2023-02-28 16:29:14,141,logger name,INFO,1,1677619754140970000,16,SEND,1->3,None
2023-02-28 16:29:14,189,logger name,INFO,2,1677619754189424000,14,INTERNAL,2,9,None
2023-02-28 16:29:14,340,logger name,INFO,1,1677619754340658000,17,INTERNAL,1,10,None
2023-02-28 16:29:14,435,logger name,INFO,3,1677619754435312000,14,RECEIVED,2->3,1
2023-02-28 16:29:14,440,logger name,INFO,2,1677619754440520000,15,INTERNAL,2,7,None
2023-02-28 16:29:14,541,logger name,INFO,1,1677619754541950000,18,SEND,1->2,None
2023-02-28 16:29:14,542,logger name,INFO,1,1677619754542258000,18,SEND,1->3,None
2023-02-28 16:29:14,691,logger name,INFO,2,1677619754691279000,19,INTERNAL,2,4,None
2023-02-28 16:29:14,742,logger name,INFO,1,1677619754742872000,19,SEND,1->3,None
2023-02-28 16:29:14,935,logger name,INFO,3,1677619754935314000,17,RECEIVED,1->3,2
2023-02-28 16:29:14,941,logger name,INFO,2,1677619754941642000,20,INTERNAL,2,9,None
2023-02-28 16:29:14,943,logger name,INFO,1,1677619754943042000,20,SEND,1->2,None
2023-02-28 16:29:15,143,logger name,INFO,1,1677619755143882000,21,SEND,1->3,None
2023-02-28 16:29:15,192,logger name,INFO,2,1677619755192686000,21,INTERNAL,2,5,None
2023-02-28 16:29:15,344,logger name,INFO,1,1677619755344900000,22,INTERNAL,1,5,None
2023-02-28 16:29:15,436,logger name,INFO,3,1677619755436131000,19,RECEIVED,1->3,2
2023-02-28 16:29:15,443,logger name,INFO,2,1677619755443672000,22,INTERNAL,2,10,None
2023-02-28 16:29:15,544,logger name,INFO,1,1677619755544861000,23,INTERNAL,1,10,None
2023-02-28 16:29:15,694,logger name,INFO,2,1677619755694533000,23,INTERNAL,2,6,None
2023-02-28 16:29:15,745,logger name,INFO,1,1677619755745155000,24,INTERNAL,1,8,None
2023-02-28 16:29:15,936,logger name,INFO,3,1677619755936678000,20,RECEIVED,1->3,1
2023-02-28 16:29:15,945,logger name,INFO,2,1677619755945233000,24,INTERNAL,2,9,None
2023-02-28 16:29:15,945,logger name,INFO,1,1677619755945514000,25,SEND,1->2,None
2023-02-28 16:29:16,146,logger name,INFO,1,1677619756146044000,26,SEND,1->2,None
2023-02-28 16:29:16,146,logger name,INFO,1,1677619756146636000,26,SEND,1->3,None
2023-02-28 16:29:16,195,logger name,INFO,2,1677619756195403000,26,RECEIVED,1->2,1
2023-02-28 16:29:16,347,logger name,INFO,1,1677619756347010000,27,INTERNAL,1,10,None
2023-02-28 16:29:16,437,logger name,INFO,3,1677619756437376000,22,RECEIVED,1->3,1
2023-02-28 16:29:16,446,logger name,INFO,2,1677619756446152000,27,INTERNAL,2,7,None
2023-02-28 16:29:16,547,logger name,INFO,1,1677619756547869000,28,INTERNAL,1,7,None
2023-02-28 16:29:16,697,logger name,INFO,2,1677619756696995000,28,SEND,2->1,None
2023-02-28 16:29:16,697,logger name,INFO,2,1677619756697580000,28,SEND,2->3,None
2023-02-28 16:29:16,748,logger name,INFO,1,1677619756748123000,29,INTERNAL,1,4,None
2023-02-28 16:29:16,938,logger name,INFO,3,1677619756938504000,27,RECEIVED,1->3,1
2023-02-28 16:29:16,947,logger name,INFO,2,1677619756947187000,29,INTERNAL,2,7,None
2023-02-28 16:29:16,949,logger name,INFO,1,1677619756949377000,30,SEND,1->2,None
2023-02-28 16:29:17,149,logger name,INFO,1,1677619757149647000,31,INTERNAL,1,4,None
2023-02-28 16:29:17,198,logger name,INFO,2,1677619757198565000,31,INTERNAL,2,6,None
2023-02-28 16:29:17,349,logger name,INFO,1,1677619757349740000,32,SEND,1->3,None
2023-02-28 16:29:17,439,logger name,INFO,3,1677619757439176000,29,RECEIVED,2->3,1
2023-02-28 16:29:17,449,logger name,INFO,2,1677619757449566000,32,SEND,2->1,None
2023-02-28 16:29:17,550,logger name,INFO,1,1677619757550460000,33,INTERNAL,1,7,None
2023-02-28 16:29:17,700,logger name,INFO,2,1677619757700617000,33,SEND,2->1,None
2023-02-28 16:29:17,751,logger name,INFO,1,1677619757751072000,34,SEND,1->2,None
2023-02-28 16:29:17,939,logger name,INFO,3,1677619757939456000,33,INTERNAL,3,6,None
2023-02-28 16:29:17,951,logger name,INFO,2,1677619757951178000,35,INTERNAL,2,7,None
2023-02-28 16:29:17,951,logger name,INFO,1,1677619757951719000,35,SEND,1->3,None
2023-02-28 16:29:18,151,logger name,INFO,1,1677619758151506000,36,SEND,1->2,None
2023-02-28 16:29:18,202,logger name,INFO,2,1677619758202069000,37,INTERNAL,2,8,None
2023-02-28 16:29:18,351,logger name,INFO,1,1677619758351424000,37,INTERNAL,1,9,None
2023-02-28 16:29:18,440,logger name,INFO,3,1677619758440230000,36,INTERNAL,3,6,None
2023-02-28 16:29:18,453,logger name,INFO,2,1677619758453249000,38,INTERNAL,2,7,None
2023-02-28 16:29:18,551,logger name,INFO,1,1677619758551755000,38,INTERNAL,1,7,None
2023-02-28 16:29:18,704,logger name,INFO,2,1677619758703974000,39,INTERNAL,2,6,None
2023-02-28 16:29:18,752,logger name,INFO,1,1677619758752218000,39,SEND,1->2,None
2023-02-28 16:29:18,752,logger name,INFO,1,1677619758752638000,39,SEND,1->3,None
2023-02-28 16:29:18,941,logger name,INFO,3,1677619758941760000,40,SEND,3->1,None
2023-02-28 16:29:18,942,logger name,INFO,3,1677619758942443000,40,SEND,3->2,None
2023-02-28 16:29:18,952,logger name,INFO,1,1677619758952236000,41,SEND,1->2,None
2023-02-28 16:29:18,952,logger name,INFO,1,1677619758952596000,41,SEND,1->3,None
2023-02-28 16:29:18,954,logger name,INFO,2,1677619758954426000,40,RECEIVED,1->2,2
2023-02-28 16:29:19,153,logger name,INFO,1,1677619759153022000,42,INTERNAL,1,7,None
2023-02-28 16:29:19,205,logger name,INFO,2,1677619759205514000,41,RECEIVED,3->2,1
2023-02-28 16:29:19,352,logger name,INFO,1,1677619759352875000,43,INTERNAL,1,10,None
2023-02-28 16:29:19,441,logger name,INFO,3,1677619759441749000,42,INTERNAL,3,8,None
2023-02-28 16:29:19,456,logger name,INFO,2,1677619759456374000,42,INTERNAL,2,7,None
2023-02-28 16:29:19,553,logger name,INFO,1,1677619759553001000,44,INTERNAL,1,6,None
2023-02-28 16:29:19,707,logger name,INFO,2,1677619759707149000,43,INTERNAL,2,8,None
2023-02-28 16:29:19,753,logger name,INFO,1,1677619759753230000,45,SEND,1->3,None
2023-02-28 16:29:19,942,logger name,INFO,3,1677619759942167000,46,SEND,3->2,None
2023-02-28 16:29:19,953,logger name,INFO,1,1677619759953593000,46,SEND,1->2,None
2023-02-28 16:29:19,958,logger name,INFO,2,1677619759958222000,47,RECEIVED,3->2,1
2023-02-28 16:29:20,153,logger name,INFO,1,1677619760153777000,47,INTERNAL,1,10,None
2023-02-28 16:29:20,209,logger name,INFO,2,1677619760209375000,48,INTERNAL,2,9,None
2023-02-28 16:29:20,355,logger name,INFO,1,1677619760355001000,48,SEND,1->2,None
2023-02-28 16:29:20,442,logger name,INFO,3,1677619760442543000,47,INTERNAL,3,9,None
2023-02-28 16:29:20,459,logger name,INFO,2,1677619760459542000,49,INTERNAL,2,6,None
2023-02-28 16:29:20,556,logger name,INFO,1,1677619760556273000,49,SEND,1->2,None
2023-02-28 16:29:20,711,logger name,INFO,2,1677619760711099000,50,SEND,2->3,None
2023-02-28 16:29:20,757,logger name,INFO,1,1677619760757169000,50,INTERNAL,1,4,None
2023-02-28 16:29:20,943,logger name,INFO,3,1677619760942952000,51,INTERNAL,3,5,None
2023-02-28 16:29:20,958,logger name,INFO,1,1677619760958139000,51,INTERNAL,1,5,None
2023-02-28 16:29:20,960,logger name,INFO,2,1677619760960738000,51,INTERNAL,2,6,None
2023-02-28 16:29:21,158,logger name,INFO,1,1677619761158900000,52,INTERNAL,1,9,None
2023-02-28 16:29:21,211,logger name,INFO,2,1677619761211828000,52,INTERNAL,2,6,None
2023-02-28 16:29:21,359,logger name,INFO,1,1677619761359743000,53,INTERNAL,1,9,None
2023-02-28 16:29:21,443,logger name,INFO,3,1677619761443027000,52,INTERNAL,3,5,None
2023-02-28 16:29:21,462,logger name,INFO,2,1677619761462846000,53,SEND,2->3,None
2023-02-28 16:29:21,560,logger name,INFO,1,1677619761560771000,54,INTERNAL,1,8,None
2023-02-28 16:29:21,713,logger name,INFO,2,1677619761713757000,54,INTERNAL,2,10,None
2023-02-28 16:29:21,761,logger name,INFO,1,1677619761761290000,55,INTERNAL,1,6,None
2023-02-28 16:29:21,943,logger name,INFO,3,1677619761943600000,54,INTERNAL,3,8,None
2023-02-28 16:29:21,962,logger name,INFO,1,1677619761962433000,56,INTERNAL,1,8,None
2023-02-28 16:29:21,964,logger name,INFO,2,1677619761964322000,55,SEND,2->1,None
2023-02-28 16:29:21,964,logger name,INFO,2,1677619761964687000,55,SEND,2->3,None
2023-02-28 16:29:22,162,logger name,INFO,1,1677619762162865000,57,INTERNAL,1,10,None
2023-02-28 16:29:22,215,logger name,INFO,2,1677619762215166000,56,INTERNAL,2,7,None
2023-02-28 16:29:22,363,logger name,INFO,1,1677619762363458000,58,SEND,1->2,None
2023-02-28 16:29:22,444,logger name,INFO,3,1677619762444566000,56,INTERNAL,3,8,None
2023-02-28 16:29:22,466,logger name,INFO,2,1677619762466030000,59,INTERNAL,2,8,None
2023-02-28 16:29:22,564,logger name,INFO,1,1677619762564380000,59,INTERNAL,1,6,None
2023-02-28 16:29:22,716,logger name,INFO,2,1677619762716542000,60,SEND,2->1,None
2023-02-28 16:29:22,765,logger name,INFO,1,1677619762765208000,61,INTERNAL,1,4,None
2023-02-28 16:29:22,945,logger name,INFO,3,1677619762945402000,57,INTERNAL,3,4,None
2023-02-28 16:29:22,967,logger name,INFO,2,1677619762967599000,61,INTERNAL,2,7,None
2023-02-28 16:29:22,968,logger name,INFO,1,1677619762968474000,62,SEND,1->2,None
2023-02-28 16:29:22,970,logger name,INFO,1,1677619762970025000,62,SEND,1->3,None
2023-02-28 16:29:23,166,logger name,INFO,1,1677619763166460000,63,INTERNAL,1,5,None
2023-02-28 16:29:23,218,logger name,INFO,2,1677619763218005000,63,INTERNAL,2,6,None
2023-02-28 16:29:23,367,logger name,INFO,1,1677619763366994000,64,INTERNAL,1,7,None
2023-02-28 16:29:23,445,logger name,INFO,3,1677619763445532000,63,SEND,3->1,None
2023-02-28 16:29:23,468,logger name,INFO,2,1677619763468452000,64,INTERNAL,2,6,None
2023-02-28 16:29:23,567,logger name,INFO,1,1677619763567789000,65,INTERNAL,1,6,None
2023-02-28 16:29:23,718,logger name,INFO,2,1677619763718697000,65,SEND,2->1,None
2023-02-28 16:29:23,719,logger name,INFO,2,1677619763719146000,65,SEND,2->3,None
2023-02-28 16:29:23,769,logger name,INFO,1,1677619763769027000,66,INTERNAL,1,9,None
2023-02-28 16:29:23,946,logger name,INFO,3,1677619763946224000,66,INTERNAL,3,8,None
2023-02-28 16:29:23,969,logger name,INFO,2,1677619763969012000,66,SEND,2->1,None
2023-02-28 16:29:23,969,logger name,INFO,2,1677619763969423000,66,SEND,2->3,None
2023-02-28 16:29:23,970,logger name,INFO,1,1677619763969974000,67,INTERNAL,1,10,None
2023-02-28 16:29:24,170,logger name,INFO,1,1677619764170881000,68,SEND,1->3,None
2023-02-28 16:29:24,219,logger name,INFO,2,1677619764219624000,67,INTERNAL,2,4,None
2023-02-28 16:29:24,371,logger name,INFO,1,1677619764371568000,69,INTERNAL,1,9,None
2023-02-28 16:29:24,446,logger name,INFO,3,1677619764446671000,67,RECEIVED,2->3,1
2023-02-28 16:29:24,470,logger name,INFO,2,1677619764470508000,68,SEND,2->1,None
2023-02-28 16:29:24,470,logger name,INFO,2,1677619764470874000,68,SEND,2->3,None
2023-02-28 16:29:24,572,logger name,INFO,1,1677619764572171000,70,INTERNAL,1,10,None
2023-02-28 16:29:24,720,logger name,INFO,2,1677619764720657000,69,INTERNAL,2,9,None
2023-02-28 16:29:24,772,logger name,INFO,1,1677619764772917000,71,INTERNAL,1,6,None
2023-02-28 16:29:24,946,logger name,INFO,3,1677619764946908000,69,RECEIVED,1->3,1
2023-02-28 16:29:24,971,logger name,INFO,2,1677619764971497000,70,INTERNAL,2,4,None
2023-02-28 16:29:24,973,logger name,INFO,1,1677619764973827000,72,INTERNAL,1,7,None
2023-02-28 16:29:25,174,logger name,INFO,1,1677619765174892000,73,SEND,1->2,None
2023-02-28 16:29:25,223,logger name,INFO,2,1677619765222960000,74,SEND,2->3,None
2023-02-28 16:29:25,375,logger name,INFO,1,1677619765375773000,74,INTERNAL,1,7,None
2023-02-28 16:29:25,447,logger name,INFO,3,1677619765447881000,70,RECEIVED,2->3,1
2023-02-28 16:29:25,472,logger name,INFO,2,1677619765472820000,75,INTERNAL,2,7,None
2023-02-28 16:29:25,576,logger name,INFO,1,1677619765576849000,75,INTERNAL,1,10,None
2023-02-28 16:29:25,723,logger name,INFO,2,1677619765723610000,76,INTERNAL,2,7,None
2023-02-28 16:29:25,777,logger name,INFO,1,1677619765777820000,76,INTERNAL,1,9,None
2023-02-28 16:29:25,948,logger name,INFO,3,1677619765948477000,75,SEND,3->2,None
2023-02-28 16:29:25,974,logger name,INFO,2,1677619765974201000,77,INTERNAL,2,7,None
2023-02-28 16:29:25,977,logger name,INFO,1,1677619765977949000,77,SEND,1->3,None
2023-02-28 16:29:26,178,logger name,INFO,1,1677619766178805000,78,SEND,1->3,None
2023-02-28 16:29:26,224,logger name,INFO,2,1677619766224635000,78,SEND,2->1,None
2023-02-28 16:29:26,378,logger name,INFO,1,1677619766378850000,79,INTERNAL,1,6,None
2023-02-28 16:29:26,449,logger name,INFO,3,1677619766449220000,78,RECEIVED,1->3,1
2023-02-28 16:29:26,474,logger name,INFO,2,1677619766474761000,79,INTERNAL,2,8,None
2023-02-28 16:29:26,580,logger name,INFO,1,1677619766580105000,80,SEND,1->2,None
2023-02-28 16:29:26,725,logger name,INFO,2,1677619766725288000,81,INTERNAL,2,5,None
2023-02-28 16:29:26,780,logger name,INFO,1,1677619766780791000,81,INTERNAL,1,7,None
2023-02-28 16:29:26,950,logger name,INFO,3,1677619766950313000,79,INTERNAL,3,7,None
2023-02-28 16:29:26,976,logger name,INFO,2,1677619766976368000,82,SEND,2->1,None
2023-02-28 16:29:26,976,logger name,INFO,2,1677619766976681000,82,SEND,2->3,None
2023-02-28 16:29:26,981,logger name,INFO,1,1677619766981006000,83,SEND,1->2,None
2023-02-28 16:29:26,981,logger name,INFO,1,1677619766981350000,83,SEND,1->3,None
2023-02-28 16:29:27,182,logger name,INFO,1,1677619767182110000,84,INTERNAL,1,5,None
2023-02-28 16:29:27,227,logger name,INFO,2,1677619767227201000,84,SEND,2->3,None
2023-02-28 16:29:27,383,logger name,INFO,1,1677619767383103000,85,INTERNAL,1,5,None
2023-02-28 16:29:27,451,logger name,INFO,3,1677619767451227000,83,RECEIVED,2->3,2
2023-02-28 16:29:27,478,logger name,INFO,2,1677619767478290000,85,SEND,2->1,None
2023-02-28 16:29:27,478,logger name,INFO,2,1677619767478598000,85,SEND,2->3,None
2023-02-28 16:29:27,584,logger name,INFO,1,1677619767584091000,86,SEND,1->3,None
2023-02-28 16:29:27,728,logger name,INFO,2,1677619767728563000,86,SEND,2->1,None
2023-02-28 16:29:27,784,logger name,INFO,1,1677619767784749000,87,SEND,1->2,None
2023-02-28 16:29:27,951,logger name,INFO,3,1677619767951636000,84,RECEIVED,1->3,3
2023-02-28 16:29:27,979,logger name,INFO,2,1677619767979245000,88,INTERNAL,2,7,None
2023-02-28 16:29:27,985,logger name,INFO,1,1677619767985384000,88,INTERNAL,1,6,None
2023-02-28 16:29:28,186,logger name,INFO,1,1677619768186668000,89,INTERNAL,1,6,None
2023-02-28 16:29:28,230,logger name,INFO,2,1677619768230622000,89,SEND,2->3,None
2023-02-28 16:29:28,387,logger name,INFO,1,1677619768387639000,90,SEND,1->2,None
2023-02-28 16:29:28,388,logger name,INFO,1,1677619768388230000,90,SEND,1->3,None
2023-02-28 16:29:28,452,logger name,INFO,3,1677619768452539000,85,RECEIVED,2->3,4
2023-02-28 16:29:28,481,logger name,INFO,2,1677619768481281000,91,INTERNAL,2,6,None
2023-02-28 16:29:28,588,logger name,INFO,1,1677619768588270000,91,INTERNAL,1,5,None
2023-02-28 16:29:28,731,logger name,INFO,2,1677619768731602000,92,INTERNAL,2,7,None
2023-02-28 16:29:28,788,logger name,INFO,1,1677619768788626000,92,INTERNAL,1,4,None
2023-02-28 16:29:28,952,logger name,INFO,3,1677619768952635000,86,RECEIVED,2->3,3
2023-02-28 16:29:28,982,logger name,INFO,2,1677619768982736000,93,INTERNAL,2,8,None
2023-02-28 16:29:28,989,logger name,INFO,1,1677619768989353000,93,INTERNAL,1,4,None
2023-02-28 16:29:29,190,logger name,INFO,1,1677619769190092000,94,INTERNAL,1,7,None
2023-02-28 16:29:29,233,logger name,INFO,2,1677619769233377000,94,SEND,2->3,None
2023-02-28 16:29:29,391,logger name,INFO,1,1677619769391043000,95,SEND,1->3,None
2023-02-28 16:29:29,452,logger name,INFO,3,1677619769452940000,87,RECEIVED,1->3,4
2023-02-28 16:29:29,484,logger name,INFO,2,1677619769484374000,95,INTERNAL,2,5,None
2023-02-28 16:29:29,591,logger name,INFO,1,1677619769591191000,96,INTERNAL,1,4,None
2023-02-28 16:29:29,735,logger name,INFO,2,1677619769735141000,96,INTERNAL,2,5,None
2023-02-28 16:29:29,792,logger name,INFO,1,1677619769792131000,97,SEND,1->2,None
2023-02-28 16:29:29,792,logger name,INFO,1,1677619769792370000,97,SEND,1->3,None
2023-02-28 16:29:29,954,logger name,INFO,3,1677619769954110000,90,RECEIVED,2->3,4
2023-02-28 16:29:29,985,logger name,INFO,2,1677619769985523000,98,INTERNAL,2,6,None
2023-02-28 16:29:29,993,logger name,INFO,1,1677619769993181000,98,SEND,1->2,None
2023-02-28 16:29:29,993,logger name,INFO,1,1677619769993523000,98,SEND,1->3,None
2023-02-28 16:29:30,194,logger name,INFO,1,1677619770193955000,99,SEND,1->2,None
2023-02-28 16:29:30,236,logger name,INFO,2,1677619770236535000,99,RECEIVED,1->2,1
2023-02-28 16:29:30,394,logger name,INFO,1,1677619770394067000,100,INTERNAL,1,4,None
2023-02-28 16:29:30,454,logger name,INFO,3,1677619770454400000,91,RECEIVED,1->3,4
2023-02-28 16:29:30,487,logger name,INFO,2,1677619770487517000,100,INTERNAL,2,6,None
2023-02-28 16:29:30,594,logger name,INFO,1,1677619770594301000,101,INTERNAL,1,5,None
2023-02-28 16:29:30,738,logger name,INFO,2,1677619770738622000,101,INTERNAL,2,9,None
2023-02-28 16:29:30,795,logger name,INFO,1,1677619770794949000,102,SEND,1->2,None
2023-02-28 16:29:30,954,logger name,INFO,3,1677619770954722000,95,RECEIVED,2->3,3
2023-02-28 16:29:30,989,logger name,INFO,2,1677619770989350000,103,INTERNAL,2,4,None
2023-02-28 16:29:30,995,logger name,INFO,1,1677619770995572000,103,INTERNAL,1,5,None
2023-02-28 16:29:31,195,logger name,INFO,1,1677619771195733000,104,INTERNAL,1,8,None
2023-02-28 16:29:31,240,logger name,INFO,2,1677619771240267000,104,INTERNAL,2,4,None
2023-02-28 16:29:31,396,logger name,INFO,1,1677619771396005000,105,SEND,1->2,None
2023-02-28 16:29:31,455,logger name,INFO,3,1677619771455302000,96,RECEIVED,1->3,2
2023-02-28 16:29:31,491,logger name,INFO,2,1677619771491037000,106,INTERNAL,2,7,None
2023-02-28 16:29:31,597,logger name,INFO,1,1677619771597045000,106,SEND,1->3,None
2023-02-28 16:29:31,742,logger name,INFO,2,1677619771741941000,107,INTERNAL,2,10,None
2023-02-28 16:29:31,797,logger name,INFO,1,1677619771797344000,107,SEND,1->3,None
2023-02-28 16:29:31,955,logger name,INFO,3,1677619771955936000,98,RECEIVED,1->3,3
2023-02-28 16:29:31,992,logger name,INFO,2,1677619771991982000,108,SEND,2->3,None
2023-02-28 16:29:31,997,logger name,INFO,1,1677619771997901000,108,INTERNAL,1,5,None
2023-02-28 16:29:32,198,logger name,INFO,1,1677619772198084000,109,INTERNAL,1,4,None
2023-02-28 16:29:32,242,logger name,INFO,2,1677619772242678000,109,SEND,2->1,None
2023-02-28 16:29:32,243,logger name,INFO,2,1677619772243017000,109,SEND,2->3,None
2023-02-28 16:29:32,399,logger name,INFO,1,1677619772399445000,110,SEND,1->3,None
2023-02-28 16:29:32,456,logger name,INFO,3,1677619772456365000,99,RECEIVED,1->3,5
2023-02-28 16:29:32,493,logger name,INFO,2,1677619772493001000,110,INTERNAL,2,10,None
2023-02-28 16:29:32,600,logger name,INFO,1,1677619772600280000,111,INTERNAL,1,7,None
2023-02-28 16:29:32,744,logger name,INFO,2,1677619772744071000,111,SEND,2->1,None
2023-02-28 16:29:32,800,logger name,INFO,1,1677619772800372000,112,INTERNAL,1,7,None
2023-02-28 16:29:32,957,logger name,INFO,3,1677619772957399000,107,RECEIVED,1->3,4
2023-02-28 16:29:32,994,logger name,INFO,2,1677619772994407000,112,INTERNAL,2,10,None
2023-02-28 16:29:33,000,logger name,INFO,1,1677619773000524000,113,INTERNAL,1,9,None
2023-02-28 16:29:33,201,logger name,INFO,1,1677619773201408000,114,INTERNAL,1,6,None
2023-02-28 16:29:33,245,logger name,INFO,2,1677619773245528000,113,INTERNAL,2,9,None
2023-02-28 16:29:33,401,logger name,INFO,1,1677619773401591000,115,INTERNAL,1,7,None
2023-02-28 16:29:33,457,logger name,INFO,3,1677619773457690000,108,RECEIVED,1->3,3
2023-02-28 16:29:33,495,logger name,INFO,2,1677619773495843000,114,SEND,2->1,None
2023-02-28 16:29:33,601,logger name,INFO,1,1677619773601532000,116,INTERNAL,1,7,None
2023-02-28 16:29:33,746,logger name,INFO,2,1677619773746716000,115,INTERNAL,2,7,None
2023-02-28 16:29:33,802,logger name,INFO,1,1677619773802479000,117,INTERNAL,1,10,None
2023-02-28 16:29:33,958,logger name,INFO,3,1677619773958396000,109,RECEIVED,2->3,2
2023-02-28 16:29:33,997,logger name,INFO,2,1677619773996982000,116,INTERNAL,2,10,None
2023-02-28 16:29:34,003,logger name,INFO,1,1677619774003078000,118,INTERNAL,1,5,None
2023-02-28 16:29:34,204,logger name,INFO,1,1677619774203938000,119,INTERNAL,1,5,None
2023-02-28 16:29:34,247,logger name,INFO,2,1677619774247442000,117,INTERNAL,2,6,None
2023-02-28 16:29:34,404,logger name,INFO,1,1677619774404635000,120,SEND,1->3,None
2023-02-28 16:29:34,458,logger name,INFO,3,1677619774458834000,110,RECEIVED,2->3,2
2023-02-28 16:29:34,498,logger name,INFO,2,1677619774498331000,118,SEND,2->3,None
2023-02-28 16:29:34,605,logger name,INFO,1,1677619774605261000,121,SEND,1->2,None
2023-02-28 16:29:34,605,logger name,INFO,1,1677619774605538000,121,SEND,1->3,None
2023-02-28 16:29:34,748,logger name,INFO,2,1677619774748143000,122,INTERNAL,2,5,None
2023-02-28 16:29:34,806,logger name,INFO,1,1677619774806344000,122,INTERNAL,1,6,None
2023-02-28 16:29:34,959,logger name,INFO,3,1677619774959210000,111,RECEIVED,1->3,3
2023-02-28 16:29:34,998,logger name,INFO,2,1677619774998831000,123,INTERNAL,2,6,None
2023-02-28 16:29:35,006,logger name,INFO,1,1677619775006221000,123,INTERNAL,1,6,None
2023-02-28 16:29:35,207,logger name,INFO,1,1677619775207125000,124,SEND,1->2,None
2023-02-28 16:29:35,207,logger name,INFO,1,1677619775207392000,124,SEND,1->3,None
2023-02-28 16:29:35,249,logger name,INFO,2,1677619775249456000,125,INTERNAL,2,7,None
2023-02-28 16:29:35,407,logger name,INFO,1,1677619775407282000,125,INTERNAL,1,8,None
2023-02-28 16:29:35,459,logger name,INFO,3,1677619775459324000,121,RECEIVED,1->3,3
2023-02-28 16:29:35,499,logger name,INFO,2,1677619775499781000,126,INTERNAL,2,10,None
2023-02-28 16:29:35,608,logger name,INFO,1,1677619775608344000,126,SEND,1->2,None
2023-02-28 16:29:35,751,logger name,INFO,2,1677619775751192000,127,INTERNAL,2,6,None
2023-02-28 16:29:35,808,logger name,INFO,1,1677619775808732000,127,INTERNAL,1,6,None
2023-02-28 16:29:35,959,logger name,INFO,3,1677619775959904000,122,RECEIVED,2->3,2
2023-02-28 16:29:36,002,logger name,INFO,2,1677619776002364000,128,INTERNAL,2,6,None
2023-02-28 16:29:36,010,logger name,INFO,1,1677619776010058000,128,INTERNAL,1,5,None
2023-02-28 16:29:36,210,logger name,INFO,1,1677619776210142000,129,INTERNAL,1,9,None
2023-02-28 16:29:36,252,logger name,INFO,2,1677619776252099000,129,SEND,2->1,None
2023-02-28 16:29:36,410,logger name,INFO,1,1677619776410823000,130,SEND,1->2,None
2023-02-28 16:29:36,411,logger name,INFO,1,1677619776411145000,130,SEND,1->3,None
2023-02-28 16:29:36,460,logger name,INFO,3,1677619776460399000,123,RECEIVED,1->3,2
2023-02-28 16:29:36,502,logger name,INFO,2,1677619776502326000,131,SEND,2->1,None
2023-02-28 16:29:36,502,logger name,INFO,2,1677619776502636000,131,SEND,2->3,None
2023-02-28 16:29:36,611,logger name,INFO,1,1677619776611017000,132,INTERNAL,1,7,None
2023-02-28 16:29:36,752,logger name,INFO,2,1677619776752503000,132,SEND,2->1,None
2023-02-28 16:29:36,752,logger name,INFO,2,1677619776752770000,132,SEND,2->3,None
2023-02-28 16:29:36,811,logger name,INFO,1,1677619776811642000,133,SEND,1->2,None
2023-02-28 16:29:36,960,logger name,INFO,3,1677619776960877000,125,RECEIVED,1->3,3
2023-02-28 16:29:37,002,logger name,INFO,2,1677619777002643000,134,INTERNAL,2,7,None
2023-02-28 16:29:37,012,logger name,INFO,1,1677619777012221000,134,SEND,1->2,None
2023-02-28 16:29:37,213,logger name,INFO,1,1677619777213231000,135,SEND,1->3,None
2023-02-28 16:29:37,253,logger name,INFO,2,1677619777253148000,135,INTERNAL,2,6,None
2023-02-28 16:29:37,413,logger name,INFO,1,1677619777413711000,136,INTERNAL,1,9,None
2023-02-28 16:29:37,461,logger name,INFO,3,1677619777461250000,131,RECEIVED,1->3,3
2023-02-28 16:29:37,503,logger name,INFO,2,1677619777503186000,136,INTERNAL,2,9,None
2023-02-28 16:29:37,614,logger name,INFO,1,1677619777614385000,137,INTERNAL,1,9,None
2023-02-28 16:29:37,753,logger name,INFO,2,1677619777753819000,137,SEND,2->1,None
2023-02-28 16:29:37,754,logger name,INFO,2,1677619777754038000,137,SEND,2->3,None
2023-02-28 16:29:37,815,logger name,INFO,1,1677619777815046000,138,SEND,1->3,None
2023-02-28 16:29:37,962,logger name,INFO,3,1677619777962058000,132,RECEIVED,2->3,4
2023-02-28 16:29:38,003,logger name,INFO,2,1677619778003754000,138,INTERNAL,2,4,None
2023-02-28 16:29:38,015,logger name,INFO,1,1677619778015361000,139,SEND,1->2,None
2023-02-28 16:29:38,015,logger name,INFO,1,1677619778015734000,139,SEND,1->3,None
2023-02-28 16:29:38,216,logger name,INFO,1,1677619778216168000,140,SEND,1->2,None
2023-02-28 16:29:38,254,logger name,INFO,2,1677619778254021000,140,RECEIVED,1->2,1
2023-02-28 16:29:38,416,logger name,INFO,1,1677619778416937000,141,INTERNAL,1,8,None
2023-02-28 16:29:38,463,logger name,INFO,3,1677619778463470000,133,RECEIVED,2->3,4
2023-02-28 16:29:38,505,logger name,INFO,2,1677619778504968000,141,INTERNAL,2,9,None
2023-02-28 16:29:38,618,logger name,INFO,1,1677619778618461000,142,SEND,1->3,None
2023-02-28 16:29:38,756,logger name,INFO,2,1677619778756005000,142,INTERNAL,2,7,None
2023-02-28 16:29:38,819,logger name,INFO,1,1677619778819479000,143,SEND,1->2,None
2023-02-28 16:29:38,964,logger name,INFO,3,1677619778964230000,136,RECEIVED,1->3,4
2023-02-28 16:29:39,007,logger name,INFO,2,1677619779007579000,144,SEND,2->3,None
2023-02-28 16:29:39,019,logger name,INFO,1,1677619779019799000,144,INTERNAL,1,9,None
2023-02-28 16:29:39,220,logger name,INFO,1,1677619779220575000,145,INTERNAL,1,9,None
2023-02-28 16:29:39,257,logger name,INFO,2,1677619779257806000,145,INTERNAL,2,9,None
2023-02-28 16:29:39,421,logger name,INFO,1,1677619779421446000,146,INTERNAL,1,10,None
2023-02-28 16:29:39,464,logger name,INFO,3,1677619779464293000,138,RECEIVED,2->3,4
2023-02-28 16:29:39,509,logger name,INFO,2,1677619779509141000,146,INTERNAL,2,8,None
2023-02-28 16:29:39,622,logger name,INFO,1,1677619779622171000,147,INTERNAL,1,10,None
2023-02-28 16:29:39,760,logger name,INFO,2,1677619779760065000,147,INTERNAL,2,6,None
2023-02-28 16:29:39,822,logger name,INFO,1,1677619779822443000,148,SEND,1->2,None
2023-02-28 16:29:39,822,logger name,INFO,1,1677619779822705000,148,SEND,1->3,None
2023-02-28 16:29:39,965,logger name,INFO,3,1677619779965604000,139,RECEIVED,1->3,4
2023-02-28 16:29:40,010,logger name,INFO,2,1677619780010316000,149,INTERNAL,2,8,None
2023-02-28 16:29:40,022,logger name,INFO,1,1677619780022638000,149,INTERNAL,1,10,None
2023-02-28 16:29:40,224,logger name,INFO,1,1677619780224389000,150,SEND,1->3,None
2023-02-28 16:29:40,261,logger name,INFO,2,1677619780261056000,150,INTERNAL,2,6,None
2023-02-28 16:29:40,424,logger name,INFO,1,1677619780424155000,151,INTERNAL,1,7,None
2023-02-28 16:29:40,466,logger name,INFO,3,1677619780466692000,140,RECEIVED,1->3,4
2023-02-28 16:29:40,511,logger name,INFO,2,1677619780511419000,151,INTERNAL,2,5,None
2023-02-28 16:29:40,624,logger name,INFO,1,1677619780624771000,152,INTERNAL,1,4,None
2023-02-28 16:29:40,761,logger name,INFO,2,1677619780761724000,152,INTERNAL,2,5,None
2023-02-28 16:29:40,825,logger name,INFO,1,1677619780825080000,153,SEND,1->2,None
2023-02-28 16:29:40,967,logger name,INFO,3,1677619780967008000,143,RECEIVED,1->3,3
2023-02-28 16:29:41,011,logger name,INFO,2,1677619781011906000,154,INTERNAL,2,7,None
2023-02-28 16:29:41,025,logger name,INFO,1,1677619781025764000,154,SEND,1->3,None
2023-02-28 16:29:41,226,logger name,INFO,1,1677619781226871000,155,INTERNAL,1,4,None
2023-02-28 16:29:41,262,logger name,INFO,2,1677619781262619000,155,INTERNAL,2,9,None
2023-02-28 16:29:41,427,logger name,INFO,1,1677619781427754000,156,INTERNAL,1,8,None
2023-02-28 16:29:41,467,logger name,INFO,3,1677619781467510000,145,RECEIVED,2->3,3
2023-02-28 16:29:41,512,logger name,INFO,2,1677619781512887000,156,INTERNAL,2,5,None
2023-02-28 16:29:41,627,logger name,INFO,1,1677619781627589000,157,INTERNAL,1,5,None
2023-02-28 16:29:41,763,logger name,INFO,2,1677619781763436000,157,INTERNAL,2,9,None
2023-02-28 16:29:41,828,logger name,INFO,1,1677619781827953000,158,INTERNAL,1,6,None
2023-02-28 16:29:41,968,logger name,INFO,3,1677619781968454000,149,RECEIVED,1->3,2
2023-02-28 16:29:42,014,logger name,INFO,2,1677619782014382000,158,INTERNAL,2,9,None
2023-02-28 16:29:42,028,logger name,INFO,1,1677619782028384000,159,SEND,1->2,None
2023-02-28 16:29:42,229,logger name,INFO,1,1677619782229591000,160,SEND,1->2,None
2023-02-28 16:29:42,230,logger name,INFO,1,1677619782230053000,160,SEND,1->3,None
2023-02-28 16:29:42,265,logger name,INFO,2,1677619782265239000,160,RECEIVED,1->2,1
2023-02-28 16:29:42,430,logger name,INFO,1,1677619782430629000,161,INTERNAL,1,7,None
2023-02-28 16:29:42,468,logger name,INFO,3,1677619782468721000,151,RECEIVED,1->3,2
2023-02-28 16:29:42,515,logger name,INFO,2,1677619782515381000,161,INTERNAL,2,10,None
2023-02-28 16:29:42,631,logger name,INFO,1,1677619782631078000,162,INTERNAL,1,5,None
2023-02-28 16:29:42,766,logger name,INFO,2,1677619782766500000,162,INTERNAL,2,10,None
2023-02-28 16:29:42,831,logger name,INFO,1,1677619782830993000,163,INTERNAL,1,9,None
2023-02-28 16:29:42,969,logger name,INFO,3,1677619782969702000,155,RECEIVED,1->3,1
2023-02-28 16:29:43,017,logger name,INFO,2,1677619783017198000,163,SEND,2->1,None
2023-02-28 16:29:43,031,logger name,INFO,1,1677619783031162000,164,INTERNAL,1,10,None
2023-02-28 16:29:43,231,logger name,INFO,1,1677619783231883000,165,INTERNAL,1,9,None
2023-02-28 16:29:43,267,logger name,INFO,2,1677619783267686000,164,INTERNAL,2,4,None
2023-02-28 16:29:43,432,logger name,INFO,1,1677619783432565000,166,INTERNAL,1,4,None
2023-02-28 16:29:43,470,logger name,INFO,3,1677619783470565000,161,SEND,3->1,None
2023-02-28 16:29:43,518,logger name,INFO,2,1677619783518360000,165,INTERNAL,2,10,None
2023-02-28 16:29:43,632,logger name,INFO,1,1677619783632809000,167,INTERNAL,1,6,None
2023-02-28 16:29:43,768,logger name,INFO,2,1677619783768894000,166,SEND,2->1,None
2023-02-28 16:29:43,833,logger name,INFO,1,1677619783833032000,168,INTERNAL,1,4,None
2023-02-28 16:29:43,971,logger name,INFO,3,1677619783971620000,162,SEND,3->2,None
2023-02-28 16:29:44,019,logger name,INFO,2,1677619784019443000,167,SEND,2->1,None
2023-02-28 16:29:44,019,logger name,INFO,2,1677619784019913000,167,SEND,2->3,None
2023-02-28 16:29:44,034,logger name,INFO,1,1677619784034640000,169,SEND,1->3,None
2023-02-28 16:29:44,234,logger name,INFO,1,1677619784234586000,170,INTERNAL,1,4,None
2023-02-28 16:29:44,270,logger name,INFO,2,1677619784270173000,168,INTERNAL,2,6,None
2023-02-28 16:29:44,435,logger name,INFO,1,1677619784434997000,171,INTERNAL,1,4,None
2023-02-28 16:29:44,472,logger name,INFO,3,1677619784472161000,168,RECEIVED,2->3,1
2023-02-28 16:29:44,520,logger name,INFO,2,1677619784520680000,169,INTERNAL,2,6,None
2023-02-28 16:29:44,635,logger name,INFO,1,1677619784635895000,172,INTERNAL,1,4,None
2023-02-28 16:29:44,771,logger name,INFO,2,1677619784771515000,170,INTERNAL,2,5,None
2023-02-28 16:29:44,836,logger name,INFO,1,1677619784835968000,173,SEND,1->2,None
2023-02-28 16:29:44,836,logger name,INFO,1,1677619784836235000,173,SEND,1->3,None
2023-02-28 16:29:44,972,logger name,INFO,3,1677619784972412000,170,RECEIVED,1->3,1
2023-02-28 16:29:45,022,logger name,INFO,2,1677619785022361000,174,INTERNAL,2,7,None
2023-02-28 16:29:45,036,logger name,INFO,1,1677619785036471000,174,INTERNAL,1,7,None
2023-02-28 16:29:45,236,logger name,INFO,1,1677619785236650000,175,INTERNAL,1,8,None
2023-02-28 16:29:45,272,logger name,INFO,2,1677619785272626000,175,INTERNAL,2,8,None
2023-02-28 16:29:45,437,logger name,INFO,1,1677619785437881000,176,SEND,1->2,None
2023-02-28 16:29:45,438,logger name,INFO,1,1677619785438556000,176,SEND,1->3,None
2023-02-28 16:29:45,473,logger name,INFO,3,1677619785472960000,174,RECEIVED,1->3,1
2023-02-28 16:29:45,523,logger name,INFO,2,1677619785523763000,177,INTERNAL,2,8,None
2023-02-28 16:29:45,638,logger name,INFO,1,1677619785638749000,177,INTERNAL,1,8,None
2023-02-28 16:29:45,774,logger name,INFO,2,1677619785774358000,178,INTERNAL,2,7,None
2023-02-28 16:29:45,839,logger name,INFO,1,1677619785839192000,178,INTERNAL,1,10,None
2023-02-28 16:29:45,973,logger name,INFO,3,1677619785973409000,177,INTERNAL,3,6,None
2023-02-28 16:29:46,025,logger name,INFO,2,1677619786025898000,179,SEND,2->3,None
2023-02-28 16:29:46,039,logger name,INFO,1,1677619786039591000,179,INTERNAL,1,4,None
2023-02-28 16:29:46,240,logger name,INFO,1,1677619786240369000,180,SEND,1->2,None
2023-02-28 16:29:46,240,logger name,INFO,1,1677619786240708000,180,SEND,1->3,None
2023-02-28 16:29:46,275,logger name,INFO,2,1677619786275798000,181,SEND,2->3,None
2023-02-28 16:29:46,441,logger name,INFO,1,1677619786441123000,181,SEND,1->2,None
2023-02-28 16:29:46,441,logger name,INFO,1,1677619786441705000,181,SEND,1->3,None
2023-02-28 16:29:46,474,logger name,INFO,3,1677619786474124000,180,RECEIVED,2->3,3
2023-02-28 16:29:46,526,logger name,INFO,2,1677619786526921000,182,SEND,2->3,None
2023-02-28 16:29:46,641,logger name,INFO,1,1677619786640959000,182,INTERNAL,1,7,None
2023-02-28 16:29:46,776,logger name,INFO,2,1677619786776921000,183,INTERNAL,2,9,None
2023-02-28 16:29:46,841,logger name,INFO,1,1677619786841356000,183,SEND,1->2,None
2023-02-28 16:29:46,841,logger name,INFO,1,1677619786841816000,183,SEND,1->3,None
2023-02-28 16:29:46,974,logger name,INFO,3,1677619786974310000,181,RECEIVED,1->3,4
2023-02-28 16:29:47,028,logger name,INFO,2,1677619787028029000,184,SEND,2->1,None
2023-02-28 16:29:47,028,logger name,INFO,2,1677619787028496000,184,SEND,2->3,None
2023-02-28 16:29:47,041,logger name,INFO,1,1677619787041436000,185,INTERNAL,1,10,None
2023-02-28 16:29:47,242,logger name,INFO,1,1677619787242776000,186,SEND,1->2,None
2023-02-28 16:29:47,243,logger name,INFO,1,1677619787243234000,186,SEND,1->3,None
2023-02-28 16:29:47,278,logger name,INFO,2,1677619787278361000,187,INTERNAL,2,10,None
2023-02-28 16:29:47,443,logger name,INFO,1,1677619787443939000,187,INTERNAL,1,4,None
2023-02-28 16:29:47,475,logger name,INFO,3,1677619787475016000,182,RECEIVED,2->3,5
2023-02-28 16:29:47,529,logger name,INFO,2,1677619787529236000,188,INTERNAL,2,4,None
2023-02-28 16:29:47,644,logger name,INFO,1,1677619787644148000,188,INTERNAL,1,9,None
2023-02-28 16:29:47,780,logger name,INFO,2,1677619787780034000,189,INTERNAL,2,10,None
2023-02-28 16:29:47,845,logger name,INFO,1,1677619787845243000,189,INTERNAL,1,4,None
2023-02-28 16:29:47,975,logger name,INFO,3,1677619787975545000,183,RECEIVED,1->3,4
2023-02-28 16:29:48,030,logger name,INFO,2,1677619788030538000,190,INTERNAL,2,4,None
2023-02-28 16:29:48,046,logger name,INFO,1,1677619788046545000,190,SEND,1->2,None
2023-02-28 16:29:48,046,logger name,INFO,1,1677619788046853000,190,SEND,1->3,None
2023-02-28 16:29:48,246,logger name,INFO,1,1677619788246620000,191,INTERNAL,1,4,None
2023-02-28 16:29:48,281,logger name,INFO,2,1677619788281885000,191,INTERNAL,2,8,None
2023-02-28 16:29:48,447,logger name,INFO,1,1677619788447104000,192,SEND,1->3,None
2023-02-28 16:29:48,475,logger name,INFO,3,1677619788475846000,184,RECEIVED,2->3,5
2023-02-28 16:29:48,532,logger name,INFO,2,1677619788532730000,192,SEND,2->1,None
2023-02-28 16:29:48,533,logger name,INFO,2,1677619788533001000,192,SEND,2->3,None
2023-02-28 16:29:48,647,logger name,INFO,1,1677619788647124000,193,INTERNAL,1,4,None
2023-02-28 16:29:48,783,logger name,INFO,2,1677619788783070000,193,INTERNAL,2,8,None
2023-02-28 16:29:48,847,logger name,INFO,1,1677619788847754000,194,SEND,1->3,None
2023-02-28 16:29:48,976,logger name,INFO,3,1677619788976870000,185,RECEIVED,1->3,6
2023-02-28 16:29:49,033,logger name,INFO,2,1677619789033443000,194,INTERNAL,2,9,None
2023-02-28 16:29:49,048,logger name,INFO,1,1677619789048572000,195,INTERNAL,1,10,None
2023-02-28 16:29:49,249,logger name,INFO,1,1677619789249352000,196,INTERNAL,1,7,None
2023-02-28 16:29:49,283,logger name,INFO,2,1677619789283746000,195,INTERNAL,2,6,None
2023-02-28 16:29:49,450,logger name,INFO,1,1677619789450532000,197,SEND,1->2,None
2023-02-28 16:29:49,476,logger name,INFO,3,1677619789476942000,186,RECEIVED,2->3,5
2023-02-28 16:29:49,533,logger name,INFO,2,1677619789533881000,198,INTERNAL,2,8,None
2023-02-28 16:29:49,650,logger name,INFO,1,1677619789650649000,198,INTERNAL,1,7,None
2023-02-28 16:29:49,784,logger name,INFO,2,1677619789784204000,199,SEND,2->1,None
2023-02-28 16:29:49,784,logger name,INFO,2,1677619789784496000,199,SEND,2->3,None
2023-02-28 16:29:49,852,logger name,INFO,1,1677619789852057000,200,SEND,1->3,None
2023-02-28 16:29:49,977,logger name,INFO,3,1677619789977928000,187,RECEIVED,1->3,6
2023-02-28 16:29:50,035,logger name,INFO,2,1677619790035425000,200,SEND,2->1,None
2023-02-28 16:29:50,052,logger name,INFO,1,1677619790052760000,201,INTERNAL,1,7,None
2023-02-28 16:29:50,253,logger name,INFO,1,1677619790253831000,202,INTERNAL,1,7,None
2023-02-28 16:29:50,285,logger name,INFO,2,1677619790285807000,201,INTERNAL,2,9,None
2023-02-28 16:29:50,455,logger name,INFO,1,1677619790455139000,203,SEND,1->3,None
2023-02-28 16:29:50,478,logger name,INFO,3,1677619790478509000,191,RECEIVED,1->3,6
2023-02-28 16:29:50,536,logger name,INFO,2,1677619790536919000,202,INTERNAL,2,8,None
2023-02-28 16:29:50,655,logger name,INFO,1,1677619790655027000,204,INTERNAL,1,10,None
2023-02-28 16:29:50,788,logger name,INFO,2,1677619790788014000,203,INTERNAL,2,6,None
2023-02-28 16:29:50,855,logger name,INFO,1,1677619790855192000,205,SEND,1->2,None
2023-02-28 16:29:50,979,logger name,INFO,3,1677619790979649000,193,RECEIVED,1->3,5
2023-02-28 16:29:51,038,logger name,INFO,2,1677619791038163000,206,INTERNAL,2,5,None
2023-02-28 16:29:51,056,logger name,INFO,1,1677619791056231000,206,INTERNAL,1,7,None
2023-02-28 16:29:51,256,logger name,INFO,1,1677619791256795000,207,INTERNAL,1,4,None
2023-02-28 16:29:51,288,logger name,INFO,2,1677619791288688000,207,INTERNAL,2,10,None
2023-02-28 16:29:51,457,logger name,INFO,1,1677619791456966000,208,INTERNAL,1,9,None
2023-02-28 16:29:51,479,logger name,INFO,3,1677619791479720000,194,RECEIVED,2->3,4
2023-02-28 16:29:51,539,logger name,INFO,2,1677619791539284000,208,INTERNAL,2,8,None
2023-02-28 16:29:51,657,logger name,INFO,1,1677619791657657000,209,SEND,1->2,None
2023-02-28 16:29:51,790,logger name,INFO,2,1677619791790522000,210,INTERNAL,2,4,None
2023-02-28 16:29:51,858,logger name,INFO,1,1677619791858007000,210,INTERNAL,1,10,None
2023-02-28 16:29:51,980,logger name,INFO,3,1677619791980604000,195,RECEIVED,1->3,3
2023-02-28 16:29:52,041,logger name,INFO,2,1677619792041921000,211,SEND,2->3,None
2023-02-28 16:29:52,058,logger name,INFO,1,1677619792058295000,211,SEND,1->2,None
2023-02-28 16:29:52,058,logger name,INFO,1,1677619792058557000,211,SEND,1->3,None
2023-02-28 16:29:52,259,logger name,INFO,1,1677619792259380000,212,INTERNAL,1,5,None
2023-02-28 16:29:52,292,logger name,INFO,2,1677619792292726000,212,INTERNAL,2,5,None
2023-02-28 16:29:52,460,logger name,INFO,1,1677619792460779000,213,SEND,1->3,None
2023-02-28 16:29:52,481,logger name,INFO,3,1677619792481355000,200,RECEIVED,2->3,5
2023-02-28 16:29:52,543,logger name,INFO,2,1677619792543510000,213,INTERNAL,2,4,None
2023-02-28 16:29:52,660,logger name,INFO,1,1677619792660842000,214,INTERNAL,1,5,None
2023-02-28 16:29:52,793,logger name,INFO,2,1677619792793517000,214,INTERNAL,2,8,None
2023-02-28 16:29:52,861,logger name,INFO,1,1677619792861488000,215,INTERNAL,1,8,None
2023-02-28 16:29:52,982,logger name,INFO,3,1677619792982062000,201,RECEIVED,1->3,4
2023-02-28 16:29:53,044,logger name,INFO,2,1677619793044581000,215,INTERNAL,2,9,None
2023-02-28 16:29:53,062,logger name,INFO,1,1677619793062237000,216,INTERNAL,1,7,None
2023-02-28 16:29:53,262,logger name,INFO,1,1677619793262165000,217,INTERNAL,1,8,None
2023-02-28 16:29:53,295,logger name,INFO,2,1677619793295031000,216,SEND,2->1,None
2023-02-28 16:29:53,462,logger name,INFO,1,1677619793462470000,218,INTERNAL,1,7,None
2023-02-28 16:29:53,482,logger name,INFO,3,1677619793482766000,204,RECEIVED,1->3,3
2023-02-28 16:29:53,545,logger name,INFO,2,1677619793545239000,217,SEND,2->1,None
2023-02-28 16:29:53,663,logger name,INFO,1,1677619793663936000,219,SEND,1->2,None
2023-02-28 16:29:53,795,logger name,INFO,2,1677619793795601000,220,SEND,2->1,None
2023-02-28 16:29:53,795,logger name,INFO,2,1677619793795863000,220,SEND,2->3,None
2023-02-28 16:29:53,863,logger name,INFO,1,1677619793863803000,221,INTERNAL,1,5,None
2023-02-28 16:29:53,983,logger name,INFO,3,1677619793982970000,212,RECEIVED,2->3,3
2023-02-28 16:29:54,045,logger name,INFO,2,1677619794045871000,221,INTERNAL,2,10,None
2023-02-28 16:29:54,064,logger name,INFO,1,1677619794064954000,222,SEND,1->3,None
2023-02-28 16:29:54,265,logger name,INFO,1,1677619794265293000,223,SEND,1->3,None
2023-02-28 16:29:54,297,logger name,INFO,2,1677619794297057000,222,INTERNAL,2,9,None
2023-02-28 16:29:54,466,logger name,INFO,1,1677619794466287000,224,INTERNAL,1,5,None
2023-02-28 16:29:54,484,logger name,INFO,3,1677619794484003000,213,RECEIVED,1->3,4
2023-02-28 16:29:54,547,logger name,INFO,2,1677619794547654000,223,SEND,2->1,None
2023-02-28 16:29:54,548,logger name,INFO,2,1677619794548113000,223,SEND,2->3,None
2023-02-28 16:29:54,666,logger name,INFO,1,1677619794666735000,225,INTERNAL,1,9,None
2023-02-28 16:29:54,798,logger name,INFO,2,1677619794798416000,224,INTERNAL,2,5,None
2023-02-28 16:29:54,867,logger name,INFO,1,1677619794867788000,226,SEND,1->2,None
2023-02-28 16:29:54,868,logger name,INFO,1,1677619794868178000,226,SEND,1->3,None
2023-02-28 16:29:54,985,logger name,INFO,3,1677619794984925000,214,RECEIVED,1->3,5
2023-02-28 16:29:55,049,logger name,INFO,2,1677619795049701000,227,INTERNAL,2,9,None
2023-02-28 16:29:55,068,logger name,INFO,1,1677619795068393000,227,INTERNAL,1,4,None
2023-02-28 16:29:55,268,logger name,INFO,1,1677619795268664000,228,INTERNAL,1,5,None
2023-02-28 16:29:55,300,logger name,INFO,2,1677619795300739000,228,SEND,2->1,None
2023-02-28 16:29:55,301,logger name,INFO,2,1677619795301172000,228,SEND,2->3,None
2023-02-28 16:29:55,470,logger name,INFO,1,1677619795470393000,229,SEND,1->2,None
2023-02-28 16:29:55,471,logger name,INFO,1,1677619795470970000,229,SEND,1->3,None
2023-02-28 16:29:55,485,logger name,INFO,3,1677619795485410000,221,RECEIVED,2->3,6
2023-02-28 16:29:55,551,logger name,INFO,2,1677619795551032000,230,INTERNAL,2,8,None
2023-02-28 16:29:55,671,logger name,INFO,1,1677619795671263000,230,SEND,1->2,None
2023-02-28 16:29:55,802,logger name,INFO,2,1677619795801995000,231,INTERNAL,2,5,None
2023-02-28 16:29:55,871,logger name,INFO,1,1677619795871720000,231,INTERNAL,1,4,None
2023-02-28 16:29:55,986,logger name,INFO,3,1677619795986706000,223,RECEIVED,1->3,5
2023-02-28 16:29:56,052,logger name,INFO,2,1677619796052319000,232,INTERNAL,2,8,None
2023-02-28 16:29:56,071,logger name,INFO,1,1677619796071899000,232,INTERNAL,1,9,None
2023-02-28 16:29:56,272,logger name,INFO,1,1677619796272324000,233,INTERNAL,1,6,None
2023-02-28 16:29:56,303,logger name,INFO,2,1677619796303436000,233,SEND,2->1,None
2023-02-28 16:29:56,473,logger name,INFO,1,1677619796473531000,234,INTERNAL,1,5,None
2023-02-28 16:29:56,486,logger name,INFO,3,1677619796486855000,224,RECEIVED,1->3,4
2023-02-28 16:29:56,554,logger name,INFO,2,1677619796554393000,234,SEND,2->1,None
2023-02-28 16:29:56,674,logger name,INFO,1,1677619796674546000,235,INTERNAL,1,4,None
2023-02-28 16:29:56,804,logger name,INFO,2,1677619796804805000,235,INTERNAL,2,5,None
2023-02-28 16:29:56,874,logger name,INFO,1,1677619796874721000,236,INTERNAL,1,7,None
2023-02-28 16:29:56,988,logger name,INFO,3,1677619796988093000,225,RECEIVED,2->3,3
2023-02-28 16:29:57,055,logger name,INFO,2,1677619797055147000,236,SEND,2->1,None
2023-02-28 16:29:57,075,logger name,INFO,1,1677619797075551000,237,INTERNAL,1,9,None
2023-02-28 16:29:57,276,logger name,INFO,1,1677619797275948000,238,SEND,1->3,None
2023-02-28 16:29:57,306,logger name,INFO,2,1677619797306199000,237,SEND,2->1,None
2023-02-28 16:29:57,476,logger name,INFO,1,1677619797476407000,239,INTERNAL,1,4,None
2023-02-28 16:29:57,488,logger name,INFO,3,1677619797488768000,227,RECEIVED,1->3,3
2023-02-28 16:29:57,556,logger name,INFO,2,1677619797556124000,238,INTERNAL,2,8,None
2023-02-28 16:29:57,676,logger name,INFO,1,1677619797676609000,240,INTERNAL,1,10,None
2023-02-28 16:29:57,806,logger name,INFO,2,1677619797806746000,239,INTERNAL,2,4,None
2023-02-28 16:29:57,878,logger name,INFO,1,1677619797877987000,241,INTERNAL,1,9,None
2023-02-28 16:29:57,989,logger name,INFO,3,1677619797989464000,229,RECEIVED,2->3,2
2023-02-28 16:29:58,057,logger name,INFO,2,1677619798057685000,240,INTERNAL,2,5,None
2023-02-28 16:29:58,078,logger name,INFO,1,1677619798078617000,242,INTERNAL,1,8,None
2023-02-28 16:29:58,278,logger name,INFO,1,1677619798278731000,243,SEND,1->2,None
2023-02-28 16:29:58,308,logger name,INFO,2,1677619798308485000,244,INTERNAL,2,9,None
2023-02-28 16:29:58,478,logger name,INFO,1,1677619798478890000,244,INTERNAL,1,7,None
2023-02-28 16:29:58,489,logger name,INFO,3,1677619798489289000,230,RECEIVED,1->3,1
2023-02-28 16:29:58,559,logger name,INFO,2,1677619798559629000,245,INTERNAL,2,8,None
2023-02-28 16:29:58,679,logger name,INFO,1,1677619798679382000,245,INTERNAL,1,9,None
2023-02-28 16:29:58,810,logger name,INFO,2,1677619798810354000,246,INTERNAL,2,7,None
2023-02-28 16:29:58,880,logger name,INFO,1,1677619798880710000,246,INTERNAL,1,4,None
2023-02-28 16:29:58,990,logger name,INFO,3,1677619798990460000,239,SEND,3->1,None
2023-02-28 16:29:58,990,logger name,INFO,3,1677619798990712000,239,SEND,3->2,None
2023-02-28 16:29:59,061,logger name,INFO,2,1677619799061650000,247,SEND,2->1,None
2023-02-28 16:29:59,061,logger name,INFO,2,1677619799061922000,247,SEND,2->3,None
2023-02-28 16:29:59,080,logger name,INFO,1,1677619799080779000,247,RECEIVED,3->1,1
2023-02-28 16:29:59,281,logger name,INFO,1,1677619799281870000,248,INTERNAL,1,9,None
2023-02-28 16:29:59,312,logger name,INFO,2,1677619799312011000,248,INTERNAL,2,10,None
2023-02-28 16:29:59,482,logger name,INFO,1,1677619799482082000,249,INTERNAL,1,4,None
2023-02-28 16:29:59,491,logger name,INFO,3,1677619799491131000,248,SEND,3->1,None
2023-02-28 16:29:59,562,logger name,INFO,2,1677619799562502000,249,INTERNAL,2,4,None
2023-02-28 16:29:59,682,logger name,INFO,1,1677619799682838000,250,INTERNAL,1,6,None
2023-02-28 16:29:59,812,logger name,INFO,2,1677619799812761000,250,INTERNAL,2,6,None
2023-02-28 16:29:59,883,logger name,INFO,1,1677619799883791000,251,INTERNAL,1,9,None
2023-02-28 16:29:59,991,logger name,INFO,3,1677619799991685000,249,INTERNAL,3,4,None
2023-02-28 16:30:00,063,logger name,INFO,2,1677619800063493000,251,SEND,2->3,None
2023-02-28 16:30:00,084,logger name,INFO,1,1677619800084214000,252,INTERNAL,1,4,None
2023-02-28 16:30:00,284,logger name,INFO,1,1677619800284778000,253,SEND,1->2,None
2023-02-28 16:30:00,313,logger name,INFO,2,1677619800313506000,254,INTERNAL,2,9,None
2023-02-28 16:30:00,485,logger name,INFO,1,1677619800485488000,254,INTERNAL,1,9,None
2023-02-28 16:30:00,493,logger name,INFO,3,1677619800493773000,252,SEND,3->1,None
2023-02-28 16:30:00,564,logger name,INFO,2,1677619800564500000,255,INTERNAL,2,8,None
2023-02-28 16:30:00,686,logger name,INFO,1,1677619800686725000,255,INTERNAL,1,5,None
2023-02-28 16:30:00,815,logger name,INFO,2,1677619800815662000,256,INTERNAL,2,6,None
2023-02-28 16:30:00,887,logger name,INFO,1,1677619800887881000,256,INTERNAL,1,8,None
2023-02-28 16:30:00,994,logger name,INFO,3,1677619800994573000,253,INTERNAL,3,8,None
2023-02-28 16:30:01,065,logger name,INFO,2,1677619801065661000,257,INTERNAL,2,4,None
2023-02-28 16:30:01,089,logger name,INFO,1,1677619801089181000,257,SEND,1->3,None
2023-02-28 16:30:01,289,logger name,INFO,1,1677619801289746000,258,INTERNAL,1,5,None
2023-02-28 16:30:01,316,logger name,INFO,2,1677619801316146000,258,INTERNAL,2,6,None
2023-02-28 16:30:01,490,logger name,INFO,1,1677619801490569000,259,INTERNAL,1,8,None
2023-02-28 16:30:01,495,logger name,INFO,3,1677619801495555000,258,INTERNAL,3,8,None
2023-02-28 16:30:01,567,logger name,INFO,2,1677619801567209000,259,INTERNAL,2,5,None
2023-02-28 16:30:01,691,logger name,INFO,1,1677619801691535000,260,INTERNAL,1,8,None
2023-02-28 16:30:01,817,logger name,INFO,2,1677619801817639000,260,SEND,2->1,None
2023-02-28 16:30:01,818,logger name,INFO,2,1677619801817991000,260,SEND,2->3,None
2023-02-28 16:30:01,892,logger name,INFO,1,1677619801892869000,261,INTERNAL,1,6,None
2023-02-28 16:30:01,995,logger name,INFO,3,1677619801995876000,261,INTERNAL,3,9,None
2023-02-28 16:30:02,068,logger name,INFO,2,1677619802068565000,261,SEND,2->1,None
2023-02-28 16:30:02,068,logger name,INFO,2,1677619802068853000,261,SEND,2->3,None
2023-02-28 16:30:02,093,logger name,INFO,1,1677619802093187000,262,SEND,1->2,None
2023-02-28 16:30:02,293,logger name,INFO,1,1677619802293838000,263,SEND,1->3,None
2023-02-28 16:30:02,318,logger name,INFO,2,1677619802318926000,263,INTERNAL,2,4,None
2023-02-28 16:30:02,494,logger name,INFO,1,1677619802494526000,264,INTERNAL,1,9,None
2023-02-28 16:30:02,496,logger name,INFO,3,1677619802496823000,262,RECEIVED,2->3,1
2023-02-28 16:30:02,569,logger name,INFO,2,1677619802569295000,264,INTERNAL,2,4,None
2023-02-28 16:30:02,695,logger name,INFO,1,1677619802695888000,265,INTERNAL,1,8,None
2023-02-28 16:30:02,819,logger name,INFO,2,1677619802819488000,265,SEND,2->1,None
2023-02-28 16:30:02,819,logger name,INFO,2,1677619802819766000,265,SEND,2->3,None
2023-02-28 16:30:02,895,logger name,INFO,1,1677619802895947000,266,INTERNAL,1,6,None
2023-02-28 16:30:02,997,logger name,INFO,3,1677619802997605000,264,RECEIVED,1->3,1
2023-02-28 16:30:03,070,logger name,INFO,2,1677619803070024000,266,INTERNAL,2,9,None
2023-02-28 16:30:03,097,logger name,INFO,1,1677619803096994000,267,INTERNAL,1,4,None
2023-02-28 16:30:03,298,logger name,INFO,1,1677619803298530000,268,SEND,1->3,None
2023-02-28 16:30:03,321,logger name,INFO,2,1677619803320960000,267,SEND,2->1,None
2023-02-28 16:30:03,321,logger name,INFO,2,1677619803321301000,267,SEND,2->3,None
2023-02-28 16:30:03,498,logger name,INFO,3,1677619803498497000,266,RECEIVED,2->3,2
2023-02-28 16:30:03,499,logger name,INFO,1,1677619803499781000,269,SEND,1->2,None
2023-02-28 16:30:03,500,logger name,INFO,1,1677619803500169000,269,SEND,1->3,None
2023-02-28 16:30:03,571,logger name,INFO,2,1677619803571683000,270,SEND,2->3,None
2023-02-28 16:30:03,700,logger name,INFO,1,1677619803700586000,270,INTERNAL,1,9,None
2023-02-28 16:30:03,822,logger name,INFO,2,1677619803822468000,271,INTERNAL,2,10,None
2023-02-28 16:30:03,900,logger name,INFO,1,1677619803900890000,271,INTERNAL,1,4,None
2023-02-28 16:30:03,998,logger name,INFO,3,1677619803998632000,269,RECEIVED,1->3,3
2023-02-28 16:30:04,072,logger name,INFO,2,1677619804072701000,272,SEND,2->3,None
2023-02-28 16:30:04,101,logger name,INFO,1,1677619804101602000,272,INTERNAL,1,7,None
2023-02-28 16:30:04,302,logger name,INFO,1,1677619804302652000,273,INTERNAL,1,4,None
2023-02-28 16:30:04,322,logger name,INFO,2,1677619804322836000,273,INTERNAL,2,5,None
2023-02-28 16:30:04,499,logger name,INFO,3,1677619804499775000,270,RECEIVED,2->3,3
2023-02-28 16:30:04,503,logger name,INFO,1,1677619804503352000,274,INTERNAL,1,8,None
2023-02-28 16:30:04,573,logger name,INFO,2,1677619804573029000,274,INTERNAL,2,8,None
2023-02-28 16:30:04,704,logger name,INFO,1,1677619804704017000,275,SEND,1->2,None
2023-02-28 16:30:04,704,logger name,INFO,1,1677619804704471000,275,SEND,1->3,None
2023-02-28 16:30:04,823,logger name,INFO,2,1677619804823648000,276,SEND,2->1,None
2023-02-28 16:30:04,904,logger name,INFO,1,1677619804904187000,277,INTERNAL,1,10,None
2023-02-28 16:30:05,000,logger name,INFO,3,1677619805000575000,271,RECEIVED,1->3,3
2023-02-28 16:30:05,074,logger name,INFO,2,1677619805074610000,277,INTERNAL,2,10,None
2023-02-28 16:30:05,104,logger name,INFO,1,1677619805104277000,278,INTERNAL,1,9,None
2023-02-28 16:30:05,304,logger name,INFO,1,1677619805304751000,279,INTERNAL,1,10,None
2023-02-28 16:30:05,324,logger name,INFO,2,1677619805324571000,278,INTERNAL,2,8,None
2023-02-28 16:30:05,501,logger name,INFO,3,1677619805501219000,272,RECEIVED,2->3,2
2023-02-28 16:30:05,504,logger name,INFO,1,1677619805504912000,280,INTERNAL,1,7,None
2023-02-28 16:30:05,575,logger name,INFO,2,1677619805574982000,279,INTERNAL,2,6,None
2023-02-28 16:30:05,706,logger name,INFO,1,1677619805706404000,281,SEND,1->2,None
2023-02-28 16:30:05,825,logger name,INFO,2,1677619805825656000,282,INTERNAL,2,6,None
2023-02-28 16:30:05,906,logger name,INFO,1,1677619805906295000,282,INTERNAL,1,8,None
2023-02-28 16:30:06,001,logger name,INFO,3,1677619806001396000,273,RECEIVED,2->3,1
2023-02-28 16:30:06,075,logger name,INFO,2,1677619806075887000,283,SEND,2->1,None
2023-02-28 16:30:06,076,logger name,INFO,2,1677619806076359000,283,SEND,2->3,None
2023-02-28 16:30:06,106,logger name,INFO,1,1677619806106599000,284,SEND,1->2,None
2023-02-28 16:30:06,307,logger name,INFO,1,1677619806307605000,285,SEND,1->2,None
2023-02-28 16:30:06,326,logger name,INFO,2,1677619806325971000,285,RECEIVED,1->2,1
2023-02-28 16:30:06,501,logger name,INFO,3,1677619806501338000,276,RECEIVED,1->3,1
2023-02-28 16:30:06,507,logger name,INFO,1,1677619806507680000,286,SEND,1->2,None
2023-02-28 16:30:06,508,logger name,INFO,1,1677619806508109000,286,SEND,1->3,None
2023-02-28 16:30:06,577,logger name,INFO,2,1677619806577041000,286,RECEIVED,1->2,1
2023-02-28 16:30:06,708,logger name,INFO,1,1677619806708689000,287,SEND,1->2,None
2023-02-28 16:30:06,827,logger name,INFO,2,1677619806827798000,287,RECEIVED,1->2,1
2023-02-28 16:30:06,909,logger name,INFO,1,1677619806909141000,288,SEND,1->2,None
2023-02-28 16:30:06,909,logger name,INFO,1,1677619806909599000,288,SEND,1->3,None
2023-02-28 16:30:07,002,logger name,INFO,3,1677619807001957000,284,RECEIVED,2->3,2
2023-02-28 16:30:07,078,logger name,INFO,2,1677619807078838000,288,RECEIVED,1->2,1
2023-02-28 16:30:07,110,logger name,INFO,1,1677619807109947000,289,INTERNAL,1,7,None
2023-02-28 16:30:07,310,logger name,INFO,1,1677619807309997000,290,INTERNAL,1,6,None
2023-02-28 16:30:07,330,logger name,INFO,2,1677619807330069000,289,INTERNAL,2,5,None
2023-02-28 16:30:07,502,logger name,INFO,3,1677619807502808000,287,RECEIVED,1->3,1
2023-02-28 16:30:07,510,logger name,INFO,1,1677619807510079000,291,INTERNAL,1,8,None
2023-02-28 16:30:07,580,logger name,INFO,2,1677619807580472000,290,SEND,2->3,None
2023-02-28 16:30:07,711,logger name,INFO,1,1677619807711370000,292,SEND,1->2,None
2023-02-28 16:30:07,830,logger name,INFO,2,1677619807830791000,293,SEND,2->1,None
2023-02-28 16:30:07,911,logger name,INFO,1,1677619807911774000,294,INTERNAL,1,7,None
2023-02-28 16:30:08,003,logger name,INFO,3,1677619808003157000,289,RECEIVED,1->3,1
2023-02-28 16:30:08,081,logger name,INFO,2,1677619808081640000,294,INTERNAL,2,10,None
2023-02-28 16:30:08,111,logger name,INFO,1,1677619808111700000,295,INTERNAL,1,4,None
2023-02-28 16:30:08,311,logger name,INFO,1,1677619808311828000,296,INTERNAL,1,7,None
2023-02-28 16:30:08,331,logger name,INFO,2,1677619808331645000,295,INTERNAL,2,7,None
2023-02-28 16:30:08,503,logger name,INFO,3,1677619808503579000,291,INTERNAL,3,7,None
2023-02-28 16:30:08,512,logger name,INFO,1,1677619808512941000,297,INTERNAL,1,10,None
2023-02-28 16:30:08,582,logger name,INFO,2,1677619808581959000,296,INTERNAL,2,10,None
2023-02-28 16:30:08,714,logger name,INFO,1,1677619808714154000,298,INTERNAL,1,10,None
2023-02-28 16:30:08,832,logger name,INFO,2,1677619808832770000,297,INTERNAL,2,7,None
2023-02-28 16:30:08,914,logger name,INFO,1,1677619808914222000,299,SEND,1->3,None
2023-02-28 16:30:09,004,logger name,INFO,3,1677619809004420000,300,INTERNAL,3,5,None
2023-02-28 16:30:09,083,logger name,INFO,2,1677619809083576000,298,INTERNAL,2,10,None
2023-02-28 16:30:09,114,logger name,INFO,1,1677619809114100000,300,INTERNAL,1,10,None
2023-02-28 16:30:09,314,logger name,INFO,1,1677619809314879000,301,SEND,1->3,None
2023-02-28 16:30:09,333,logger name,INFO,2,1677619809333478000,299,INTERNAL,2,6,None
2023-02-28 16:30:09,504,logger name,INFO,3,1677619809504450000,302,INTERNAL,3,7,None
2023-02-28 16:30:09,515,logger name,INFO,1,1677619809515669000,302,SEND,1->3,None
2023-02-28 16:30:09,584,logger name,INFO,2,1677619809584643000,300,SEND,2->3,None
2023-02-28 16:30:09,716,logger name,INFO,1,1677619809716372000,303,INTERNAL,1,5,None
2023-02-28 16:30:09,835,logger name,INFO,2,1677619809835278000,301,INTERNAL,2,10,None
2023-02-28 16:30:09,916,logger name,INFO,1,1677619809916581000,304,INTERNAL,1,8,None
2023-02-28 16:30:10,005,logger name,INFO,3,1677619810005382000,303,RECEIVED,1->3,1
2023-02-28 16:30:10,086,logger name,INFO,2,1677619810086647000,302,SEND,2->3,None
2023-02-28 16:30:10,117,logger name,INFO,1,1677619810117621000,305,SEND,1->2,None
2023-02-28 16:30:10,318,logger name,INFO,1,1677619810318548000,306,INTERNAL,1,5,None
2023-02-28 16:30:10,336,logger name,INFO,2,1677619810336789000,306,INTERNAL,2,6,None
2023-02-28 16:30:10,506,logger name,INFO,3,1677619810506919000,304,RECEIVED,2->3,1
2023-02-28 16:30:10,518,logger name,INFO,1,1677619810518487000,307,INTERNAL,1,5,None
2023-02-28 16:30:10,587,logger name,INFO,2,1677619810587661000,307,INTERNAL,2,6,None
2023-02-28 16:30:10,719,logger name,INFO,1,1677619810719921000,308,SEND,1->2,None
2023-02-28 16:30:10,838,logger name,INFO,2,1677619810838462000,309,INTERNAL,2,4,None
2023-02-28 16:30:10,920,logger name,INFO,1,1677619810920461000,309,INTERNAL,1,9,None
2023-02-28 16:30:11,007,logger name,INFO,3,1677619811007782000,305,INTERNAL,3,5,None
2023-02-28 16:30:11,089,logger name,INFO,2,1677619811089833000,310,INTERNAL,2,4,None
2023-02-28 16:30:11,121,logger name,INFO,1,1677619811121587000,310,INTERNAL,1,5,None
2023-02-28 16:30:11,322,logger name,INFO,1,1677619811322003000,311,INTERNAL,1,6,None
2023-02-28 16:30:11,339,logger name,INFO,2,1677619811339879000,311,SEND,2->1,None
2023-02-28 16:30:11,509,logger name,INFO,3,1677619811508941000,306,INTERNAL,3,7,None
2023-02-28 16:30:11,523,logger name,INFO,1,1677619811523014000,312,INTERNAL,1,4,None
2023-02-28 16:30:11,590,logger name,INFO,2,1677619811590315000,312,INTERNAL,2,8,None
2023-02-28 16:30:11,724,logger name,INFO,1,1677619811724335000,313,INTERNAL,1,8,None
2023-02-28 16:30:11,840,logger name,INFO,2,1677619811840656000,313,INTERNAL,2,6,None
2023-02-28 16:30:11,925,logger name,INFO,1,1677619811925257000,314,INTERNAL,1,8,None
2023-02-28 16:30:12,009,logger name,INFO,3,1677619812009756000,307,INTERNAL,3,9,None
2023-02-28 16:30:12,092,logger name,INFO,2,1677619812092110000,314,SEND,2->1,None
2023-02-28 16:30:12,092,logger name,INFO,2,1677619812092567000,314,SEND,2->3,None
2023-02-28 16:30:12,126,logger name,INFO,1,1677619812126217000,315,INTERNAL,1,4,None
2023-02-28 16:30:12,327,logger name,INFO,1,1677619812327244000,316,SEND,1->2,None
2023-02-28 16:30:12,327,logger name,INFO,1,1677619812327691000,316,SEND,1->3,None
2023-02-28 16:30:12,342,logger name,INFO,2,1677619812342791000,317,SEND,2->1,None
2023-02-28 16:30:12,343,logger name,INFO,2,1677619812343095000,317,SEND,2->3,None
2023-02-28 16:30:12,509,logger name,INFO,3,1677619812509855000,315,RECEIVED,2->3,2
2023-02-28 16:30:12,528,logger name,INFO,1,1677619812528071000,318,INTERNAL,1,4,None
2023-02-28 16:30:12,593,logger name,INFO,2,1677619812592951000,318,INTERNAL,2,10,None
2023-02-28 16:30:12,728,logger name,INFO,1,1677619812728159000,319,INTERNAL,1,4,None
2023-02-28 16:30:12,844,logger name,INFO,2,1677619812844164000,319,INTERNAL,2,10,None
2023-02-28 16:30:12,928,logger name,INFO,1,1677619812928204000,320,INTERNAL,1,9,None
2023-02-28 16:30:13,009,logger name,INFO,3,1677619813009739000,317,RECEIVED,1->3,1
2023-02-28 16:30:13,094,logger name,INFO,2,1677619813094628000,320,INTERNAL,2,5,None
2023-02-28 16:30:13,128,logger name,INFO,1,1677619813128446000,321,INTERNAL,1,9,None
2023-02-28 16:30:13,329,logger name,INFO,1,1677619813328994000,322,INTERNAL,1,8,None
2023-02-28 16:30:13,344,logger name,INFO,2,1677619813344950000,321,INTERNAL,2,4,None
2023-02-28 16:30:13,510,logger name,INFO,3,1677619813510643000,318,SEND,3->2,None
2023-02-28 16:30:13,529,logger name,INFO,1,1677619813528972000,323,INTERNAL,1,5,None
2023-02-28 16:30:13,596,logger name,INFO,2,1677619813596348000,322,INTERNAL,2,6,None
2023-02-28 16:30:13,730,logger name,INFO,1,1677619813729978000,324,INTERNAL,1,6,None
2023-02-28 16:30:13,847,logger name,INFO,2,1677619813847768000,323,SEND,2->1,None
2023-02-28 16:30:13,848,logger name,INFO,2,1677619813848225000,323,SEND,2->3,None
2023-02-28 16:30:13,930,logger name,INFO,1,1677619813930636000,325,INTERNAL,1,5,None
2023-02-28 16:30:14,010,logger name,INFO,3,1677619814010551000,324,INTERNAL,3,5,None
2023-02-28 16:30:14,098,logger name,INFO,2,1677619814097984000,324,INTERNAL,2,6,None
2023-02-28 16:30:14,131,logger name,INFO,1,1677619814131827000,326,SEND,1->3,None
2023-02-28 16:30:14,332,logger name,INFO,1,1677619814332174000,327,INTERNAL,1,5,None
2023-02-28 16:30:14,348,logger name,INFO,2,1677619814348728000,325,SEND,2->1,None
2023-02-28 16:30:14,511,logger name,INFO,3,1677619814511520000,327,SEND,3->2,None
2023-02-28 16:30:14,532,logger name,INFO,1,1677619814532723000,328,SEND,1->2,None
2023-02-28 16:30:14,599,logger name,INFO,2,1677619814599601000,328,RECEIVED,3->2,1
2023-02-28 16:30:14,733,logger name,INFO,1,1677619814733613000,329,INTERNAL,1,9,None
2023-02-28 16:30:14,849,logger name,INFO,2,1677619814849904000,329,SEND,2->1,None
2023-02-28 16:30:14,850,logger name,INFO,2,1677619814850412000,329,SEND,2->3,None
2023-02-28 16:30:14,934,logger name,INFO,1,1677619814934448000,330,INTERNAL,1,6,None
2023-02-28 16:30:15,012,logger name,INFO,3,1677619815012066000,330,INTERNAL,3,5,None
2023-02-28 16:30:15,100,logger name,INFO,2,1677619815100823000,330,SEND,2->3,None
2023-02-28 16:30:15,135,logger name,INFO,1,1677619815135037000,331,INTERNAL,1,6,None
2023-02-28 16:30:15,335,logger name,INFO,1,1677619815335094000,332,INTERNAL,1,6,None
2023-02-28 16:30:15,351,logger name,INFO,2,1677619815351850000,331,INTERNAL,2,10,None
2023-02-28 16:30:15,513,logger name,INFO,3,1677619815513562000,331,SEND,3->2,None
2023-02-28 16:30:15,535,logger name,INFO,1,1677619815535573000,333,SEND,1->2,None
2023-02-28 16:30:15,602,logger name,INFO,2,1677619815602027000,332,RECEIVED,3->2,1
2023-02-28 16:30:15,735,logger name,INFO,1,1677619815735802000,334,INTERNAL,1,8,None
2023-02-28 16:30:15,852,logger name,INFO,2,1677619815852615000,334,SEND,2->3,None
