Process Id,1678291137392672000,Clock Counter,Event Type,Sender,Reciever,Description,Queue Length
2,1678291137392871000,0,CREATE,None,None,(pid: 98745) - (speed: 6) - (recp: 127.0.0.1;3191) - (id: 2),None
2,1678291140577575000,0,INTERNAL,None,None,4,0
2,1678291140744149000,1,INTERNAL,None,None,4,0
2,1678291140910812000,2,INTERNAL,None,None,4,0
2,1678291141077456000,3,INTERNAL,None,None,4,0
2,1678291141244157000,4,INTERNAL,None,None,4,0
2,1678291141410808000,5,INTERNAL,None,None,4,0
2,1678291141577513000,6,INTERNAL,None,None,5,0
2,1678291141744125000,7,INTERNAL,None,None,4,0
2,1678291141910829000,8,INTERNAL,None,None,4,0
2,1678291142077464000,9,INTERNAL,None,None,5,0
2,1678291142244154000,10,INTERNAL,None,None,4,0
2,1678291142410825000,11,INTERNAL,None,None,5,0
2,1678291142577520000,12,SEND,2,3,2,0
2,1678291142744127000,13,INTERNAL,None,None,5,0
2,1678291142910816000,14,INTERNAL,None,None,4,0
2,1678291143077465000,15,INTERNAL,None,None,4,0
2,1678291143244164000,16,INTERNAL,None,None,4,0
2,1678291143410806000,17,INTERNAL,None,None,5,0
2,1678291143577473000,18,INTERNAL,None,None,4,0
2,1678291143744133000,19,INTERNAL,None,None,4,0
2,1678291143910820000,20,INTERNAL,None,None,5,0
2,1678291144077522000,21,SEND,2,1,3,0
2,1678291144077711000,21,SEND,2,3,3,0
2,1678291144244176000,22,INTERNAL,None,None,6,0
2,1678291144410802000,23,INTERNAL,None,None,5,0
2,1678291144577478000,24,INTERNAL,None,None,5,0
2,1678291144744134000,25,INTERNAL,None,None,5,0
2,1678291144910824000,26,INTERNAL,None,None,5,0
2,1678291145077480000,27,INTERNAL,None,None,6,0
2,1678291145244161000,28,INTERNAL,None,None,5,0
2,1678291145410810000,29,INTERNAL,None,None,6,0
2,1678291145577498000,30,INTERNAL,None,None,4,0
2,1678291145744130000,31,INTERNAL,None,None,5,0
2,1678291145910823000,32,INTERNAL,None,None,4,0
2,1678291146077474000,33,INTERNAL,None,None,5,0
2,1678291146244160000,34,INTERNAL,None,None,5,0
2,1678291146410814000,35,INTERNAL,None,None,4,0
2,1678291146577486000,36,INTERNAL,None,None,4,0
2,1678291146744135000,37,INTERNAL,None,None,6,0
2,1678291146910852000,38,INTERNAL,None,None,5,0
2,1678291147077479000,39,INTERNAL,None,None,4,0
2,1678291147244203000,40,SEND,2,3,2,0
2,1678291147410817000,41,INTERNAL,None,None,5,0
2,1678291147577487000,42,INTERNAL,None,None,5,0
2,1678291147744147000,43,INTERNAL,None,None,4,0
2,1678291147910825000,44,INTERNAL,None,None,5,0
2,1678291148077483000,45,INTERNAL,None,None,4,0
2,1678291148244172000,46,INTERNAL,None,None,5,0
2,1678291148410824000,47,INTERNAL,None,None,6,0
2,1678291148577494000,48,RECEIVED,1,2,5,1
2,1678291148744149000,49,INTERNAL,None,None,6,0
2,1678291148910828000,50,INTERNAL,None,None,5,0
2,1678291149077478000,51,INTERNAL,None,None,6,0
2,1678291149244174000,52,INTERNAL,None,None,4,0
2,1678291149410856000,53,INTERNAL,None,None,5,0
2,1678291149577508000,54,INTERNAL,None,None,6,0
2,1678291149744165000,55,INTERNAL,None,None,5,0
2,1678291149910835000,56,INTERNAL,None,None,5,0
2,1678291150077549000,57,SEND,2,1,3,0
2,1678291150077741000,57,SEND,2,3,3,0
2,1678291150244176000,58,INTERNAL,None,None,4,0
2,1678291150410846000,59,INTERNAL,None,None,6,0
2,1678291150577494000,60,INTERNAL,None,None,5,0
2,1678291150744163000,61,INTERNAL,None,None,4,0
2,1678291150910837000,62,INTERNAL,None,None,6,0
2,1678291151077516000,63,INTERNAL,None,None,5,0
2,1678291151244177000,64,INTERNAL,None,None,6,0
2,1678291151410848000,65,INTERNAL,None,None,4,0
2,1678291151577495000,66,INTERNAL,None,None,5,0
2,1678291151744165000,67,INTERNAL,None,None,4,0
2,1678291151910831000,68,INTERNAL,None,None,4,0
2,1678291152077502000,69,INTERNAL,None,None,4,0
2,1678291152244198000,70,INTERNAL,None,None,6,0
2,1678291152410888000,71,SEND,2,3,2,0
2,1678291152577493000,72,INTERNAL,None,None,4,0
2,1678291152744179000,73,INTERNAL,None,None,4,0
2,1678291152910846000,74,INTERNAL,None,None,4,0
2,1678291153077544000,75,SEND,2,1,1,0
2,1678291153244173000,76,INTERNAL,None,None,4,0
2,1678291153410846000,77,INTERNAL,None,None,4,0
2,1678291153577526000,78,INTERNAL,None,None,4,0
2,1678291153744167000,79,INTERNAL,None,None,6,0
2,1678291153910837000,80,INTERNAL,None,None,6,0
2,1678291154077516000,81,INTERNAL,None,None,5,0
2,1678291154244188000,82,INTERNAL,None,None,4,0
2,1678291154410848000,83,INTERNAL,None,None,4,0
2,1678291154577518000,84,INTERNAL,None,None,4,0
2,1678291154744170000,85,INTERNAL,None,None,5,0
2,1678291154910845000,86,INTERNAL,None,None,4,0
2,1678291155077553000,87,INTERNAL,None,None,4,0
2,1678291155244207000,88,INTERNAL,None,None,5,0
2,1678291155410846000,89,INTERNAL,None,None,4,0
2,1678291155577495000,90,INTERNAL,None,None,6,0
2,1678291155744177000,91,INTERNAL,None,None,6,0
2,1678291155910843000,92,INTERNAL,None,None,4,0
2,1678291156077568000,93,SEND,2,3,2,0
2,1678291156244189000,94,INTERNAL,None,None,4,0
2,1678291156410864000,95,INTERNAL,None,None,4,0
2,1678291156577501000,96,INTERNAL,None,None,6,0
2,1678291156744205000,97,INTERNAL,None,None,5,0
2,1678291156910845000,98,INTERNAL,None,None,6,0
2,1678291157077516000,99,INTERNAL,None,None,6,0
2,1678291157244247000,100,INTERNAL,None,None,4,0
2,1678291157410879000,101,INTERNAL,None,None,5,0
2,1678291157577512000,102,INTERNAL,None,None,5,0
2,1678291157744184000,103,INTERNAL,None,None,6,0
2,1678291157910844000,104,INTERNAL,None,None,6,0
2,1678291158077523000,105,INTERNAL,None,None,5,0
2,1678291158244185000,106,INTERNAL,None,None,4,0
2,1678291158410854000,107,INTERNAL,None,None,4,0
2,1678291158577509000,108,INTERNAL,None,None,4,0
2,1678291158744194000,109,INTERNAL,None,None,6,0
2,1678291158910850000,110,INTERNAL,None,None,5,0
2,1678291159077560000,111,SEND,2,1,1,0
2,1678291159244185000,112,INTERNAL,None,None,5,0
2,1678291159410860000,113,INTERNAL,None,None,4,0
2,1678291159577549000,114,SEND,2,1,1,0
2,1678291159744192000,115,INTERNAL,None,None,5,0
2,1678291159910850000,116,INTERNAL,None,None,4,0
2,1678291160077520000,117,INTERNAL,None,None,6,0
2,1678291160244199000,118,INTERNAL,None,None,4,0
2,1678291160410902000,119,SEND,2,1,1,0
2,1678291160577510000,120,INTERNAL,None,None,5,0
2,1678291160744193000,121,INTERNAL,None,None,6,0
2,1678291160910858000,122,INTERNAL,None,None,4,0
2,1678291161077532000,123,INTERNAL,None,None,4,0
2,1678291161244194000,124,INTERNAL,None,None,6,0
2,1678291161410865000,125,INTERNAL,None,None,5,0
2,1678291161577513000,126,INTERNAL,None,None,6,0
2,1678291161744188000,127,INTERNAL,None,None,6,0
2,1678291161910849000,128,RECEIVED,1,2,1,1
2,1678291162077588000,129,INTERNAL,None,None,6,0
2,1678291162244196000,130,INTERNAL,None,None,4,0
2,1678291162410869000,131,INTERNAL,None,None,4,0
2,1678291162577536000,132,INTERNAL,None,None,6,0
2,1678291162744190000,133,INTERNAL,None,None,4,0
2,1678291162910858000,134,INTERNAL,None,None,5,0
2,1678291163077536000,135,INTERNAL,None,None,4,0
2,1678291163244197000,136,INTERNAL,None,None,5,0
2,1678291163410866000,137,INTERNAL,None,None,4,0
2,1678291163577535000,138,INTERNAL,None,None,6,0
2,1678291163744195000,139,INTERNAL,None,None,4,0
2,1678291163910881000,140,INTERNAL,None,None,6,0
2,1678291164077531000,141,INTERNAL,None,None,4,0
2,1678291164244207000,142,INTERNAL,None,None,5,0
2,1678291164410879000,143,INTERNAL,None,None,6,0
2,1678291164577520000,144,INTERNAL,None,None,5,0
2,1678291164744199000,145,INTERNAL,None,None,5,0
2,1678291164910857000,146,INTERNAL,None,None,5,0
2,1678291165077582000,147,SEND,2,1,1,0
2,1678291165244205000,148,INTERNAL,None,None,5,0
2,1678291165410878000,149,INTERNAL,None,None,4,0
2,1678291165577519000,150,INTERNAL,None,None,4,0
2,1678291165744193000,151,INTERNAL,None,None,5,0
2,1678291165910856000,152,RECEIVED,1,2,5,1
2,1678291166077541000,153,INTERNAL,None,None,4,0
2,1678291166244204000,154,INTERNAL,None,None,5,0
2,1678291166410877000,155,INTERNAL,None,None,5,0
2,1678291166577545000,156,INTERNAL,None,None,4,0
2,1678291166744238000,157,SEND,2,1,3,0
2,1678291166744491000,157,SEND,2,3,3,0
2,1678291166910862000,158,INTERNAL,None,None,5,0
2,1678291167077556000,159,INTERNAL,None,None,5,0
2,1678291167244205000,160,INTERNAL,None,None,5,0
2,1678291167410874000,161,INTERNAL,None,None,5,0
2,1678291167577519000,162,INTERNAL,None,None,4,0
2,1678291167744201000,163,INTERNAL,None,None,4,0
2,1678291167910864000,164,INTERNAL,None,None,5,0
2,1678291168077538000,165,INTERNAL,None,None,5,0
2,1678291168244206000,166,INTERNAL,None,None,5,0
2,1678291168410878000,167,INTERNAL,None,None,6,0
2,1678291168577528000,168,INTERNAL,None,None,4,0
2,1678291168744227000,169,SEND,2,1,1,0
2,1678291168910865000,170,INTERNAL,None,None,5,0
2,1678291169077539000,171,INTERNAL,None,None,4,0
2,1678291169244209000,172,INTERNAL,None,None,4,0
2,1678291169410881000,173,INTERNAL,None,None,5,0
2,1678291169577539000,174,INTERNAL,None,None,6,0
2,1678291169744207000,175,INTERNAL,None,None,6,0
2,1678291169910866000,176,INTERNAL,None,None,5,0
2,1678291170077544000,177,INTERNAL,None,None,5,0
2,1678291170244220000,178,INTERNAL,None,None,4,0
2,1678291170410887000,179,INTERNAL,None,None,5,0
2,1678291170577539000,180,INTERNAL,None,None,6,0
2,1678291170744209000,181,INTERNAL,None,None,5,0
2,1678291170910872000,182,INTERNAL,None,None,4,0
2,1678291171077547000,183,INTERNAL,None,None,4,0
2,1678291171244209000,184,INTERNAL,None,None,4,0
2,1678291171410884000,185,INTERNAL,None,None,6,0
2,1678291171577528000,186,INTERNAL,None,None,5,0
2,1678291171744273000,187,SEND,2,3,2,0
2,1678291171910882000,188,INTERNAL,None,None,5,0
2,1678291172077546000,189,INTERNAL,None,None,6,0
2,1678291172244236000,190,INTERNAL,None,None,4,0
2,1678291172410879000,191,INTERNAL,None,None,6,0
2,1678291172577537000,192,INTERNAL,None,None,4,0
2,1678291172744214000,193,INTERNAL,None,None,6,0
2,1678291172910876000,194,INTERNAL,None,None,6,0
2,1678291173077550000,195,INTERNAL,None,None,4,0
2,1678291173244221000,196,INTERNAL,None,None,6,0
2,1678291173410889000,197,INTERNAL,None,None,5,0
2,1678291173577539000,198,INTERNAL,None,None,5,0
2,1678291173744232000,199,INTERNAL,None,None,6,0
2,1678291173910877000,200,INTERNAL,None,None,5,0
2,1678291174077556000,201,INTERNAL,None,None,5,0
2,1678291174244290000,202,RECEIVED,1,2,5,1
2,1678291174410879000,203,INTERNAL,None,None,5,0
2,1678291174577546000,204,INTERNAL,None,None,5,0
2,1678291174744215000,205,INTERNAL,None,None,5,0
2,1678291174910877000,206,RECEIVED,1,2,4,1
2,1678291175077553000,207,INTERNAL,None,None,6,0
2,1678291175244233000,208,INTERNAL,None,None,4,0
2,1678291175410887000,209,INTERNAL,None,None,5,0
2,1678291175577537000,210,INTERNAL,None,None,6,0
2,1678291175744216000,211,INTERNAL,None,None,5,0
2,1678291175910882000,212,INTERNAL,None,None,6,0
2,1678291176077555000,213,INTERNAL,None,None,6,0
2,1678291176244223000,214,INTERNAL,None,None,4,0
2,1678291176410883000,215,INTERNAL,None,None,4,0
2,1678291176577558000,216,INTERNAL,None,None,6,0
2,1678291176744224000,217,INTERNAL,None,None,4,0
2,1678291176910884000,218,INTERNAL,None,None,6,0
2,1678291177077570000,219,INTERNAL,None,None,6,0
2,1678291177244230000,220,INTERNAL,None,None,5,0
2,1678291177410893000,221,INTERNAL,None,None,4,0
2,1678291177577544000,222,INTERNAL,None,None,5,0
2,1678291177744223000,223,INTERNAL,None,None,4,0
2,1678291177910882000,224,INTERNAL,None,None,5,0
2,1678291178077563000,225,INTERNAL,None,None,6,0
2,1678291178244228000,226,INTERNAL,None,None,5,0
2,1678291178410896000,227,INTERNAL,None,None,4,0
2,1678291178577548000,228,INTERNAL,None,None,4,0
2,1678291178744221000,229,INTERNAL,None,None,6,0
2,1678291178910895000,230,INTERNAL,None,None,5,0
2,1678291179077552000,231,INTERNAL,None,None,6,0
2,1678291179244230000,232,INTERNAL,None,None,5,0
2,1678291179410897000,233,INTERNAL,None,None,4,0
2,1678291179577531000,234,INTERNAL,None,None,4,0
2,1678291179744229000,235,INTERNAL,None,None,5,0
2,1678291179910883000,236,INTERNAL,None,None,6,0
2,1678291180077560000,237,INTERNAL,None,None,4,0
2,1678291180244224000,238,INTERNAL,None,None,5,0
2,1678291180410891000,239,INTERNAL,None,None,5,0
2,1678291180577557000,240,INTERNAL,None,None,5,0
2,1678291180744214000,241,INTERNAL,None,None,5,0
2,1678291180910884000,242,INTERNAL,None,None,6,0
2,1678291181077567000,243,INTERNAL,None,None,5,0
2,1678291181244249000,244,INTERNAL,None,None,5,0
2,1678291181410893000,245,INTERNAL,None,None,6,0
2,1678291181577558000,246,INTERNAL,None,None,4,0
2,1678291181744235000,247,INTERNAL,None,None,4,0
2,1678291181910891000,248,INTERNAL,None,None,5,0
2,1678291182077571000,249,INTERNAL,None,None,5,0
2,1678291182244234000,250,INTERNAL,None,None,4,0
2,1678291182410902000,251,INTERNAL,None,None,5,0
2,1678291182577561000,252,INTERNAL,None,None,5,0
2,1678291182744240000,253,INTERNAL,None,None,5,0
2,1678291182910901000,254,INTERNAL,None,None,4,0
2,1678291183077570000,255,INTERNAL,None,None,5,0
2,1678291183244231000,256,INTERNAL,None,None,4,0
2,1678291183410905000,257,INTERNAL,None,None,4,0
2,1678291183577576000,258,INTERNAL,None,None,6,0
2,1678291183744232000,259,INTERNAL,None,None,6,0
2,1678291183910914000,260,INTERNAL,None,None,6,0
2,1678291184077619000,261,SEND,2,1,3,0
2,1678291184077807000,261,SEND,2,3,3,0
2,1678291184244241000,262,INTERNAL,None,None,5,0
2,1678291184410903000,263,INTERNAL,None,None,5,0
2,1678291184577562000,264,INTERNAL,None,None,5,0
2,1678291184744227000,265,INTERNAL,None,None,4,0
2,1678291184910907000,266,INTERNAL,None,None,6,0
2,1678291185077571000,267,INTERNAL,None,None,6,0
2,1678291185244242000,268,INTERNAL,None,None,4,0
2,1678291185410909000,269,INTERNAL,None,None,4,0
2,1678291185577570000,270,INTERNAL,None,None,5,0
2,1678291185744235000,271,INTERNAL,None,None,6,0
2,1678291185910906000,272,INTERNAL,None,None,6,0
2,1678291186077568000,273,INTERNAL,None,None,6,0
2,1678291186244250000,274,INTERNAL,None,None,6,0
2,1678291186410915000,275,INTERNAL,None,None,6,0
2,1678291186577566000,276,INTERNAL,None,None,5,0
2,1678291186744245000,277,INTERNAL,None,None,5,0
2,1678291186910914000,278,INTERNAL,None,None,4,0
2,1678291187077582000,279,INTERNAL,None,None,6,0
2,1678291187244242000,280,INTERNAL,None,None,4,0
2,1678291187410910000,281,INTERNAL,None,None,6,0
2,1678291187577570000,282,INTERNAL,None,None,4,0
2,1678291187744250000,283,INTERNAL,None,None,5,0
2,1678291187910905000,284,INTERNAL,None,None,4,0
2,1678291188077579000,285,INTERNAL,None,None,4,0
2,1678291188244246000,286,INTERNAL,None,None,6,0
2,1678291188410912000,287,INTERNAL,None,None,5,0
2,1678291188577574000,288,INTERNAL,None,None,6,0
2,1678291188744259000,289,INTERNAL,None,None,4,0
2,1678291188910907000,290,INTERNAL,None,None,6,0
2,1678291189077574000,291,INTERNAL,None,None,5,0
2,1678291189244252000,292,INTERNAL,None,None,6,0
2,1678291189410919000,293,INTERNAL,None,None,6,0
2,1678291189577563000,294,RECEIVED,3,2,4,1
2,1678291189744243000,295,INTERNAL,None,None,6,0
2,1678291189910908000,296,INTERNAL,None,None,4,0
2,1678291190077581000,297,INTERNAL,None,None,5,0
2,1678291190244248000,298,INTERNAL,None,None,5,0
2,1678291190410916000,299,INTERNAL,None,None,5,0
2,1678291190577571000,300,INTERNAL,None,None,5,0
2,1678291190744279000,301,INTERNAL,None,None,5,0
2,1678291190910908000,302,INTERNAL,None,None,6,0
2,1678291191077584000,303,INTERNAL,None,None,5,0
2,1678291191244254000,304,INTERNAL,None,None,4,0
2,1678291191410925000,305,INTERNAL,None,None,5,0
2,1678291191577577000,306,INTERNAL,None,None,6,0
2,1678291191744244000,307,INTERNAL,None,None,6,0
2,1678291191910917000,308,INTERNAL,None,None,6,0
2,1678291192077587000,309,INTERNAL,None,None,5,0
2,1678291192244273000,310,INTERNAL,None,None,5,0
2,1678291192410923000,311,INTERNAL,None,None,6,0
2,1678291192577579000,312,INTERNAL,None,None,5,0
2,1678291192744245000,313,INTERNAL,None,None,6,0
2,1678291192910961000,314,SEND,2,3,2,0
2,1678291193077589000,315,INTERNAL,None,None,6,0
2,1678291193244246000,316,RECEIVED,1,2,1,1
2,1678291193410930000,317,INTERNAL,None,None,5,0
2,1678291193577618000,318,SEND,2,3,2,0
2,1678291193744248000,319,INTERNAL,None,None,6,0
2,1678291193910908000,320,INTERNAL,None,None,6,0
2,1678291194077591000,321,INTERNAL,None,None,4,0
2,1678291194244249000,322,INTERNAL,None,None,5,0
2,1678291194410925000,323,INTERNAL,None,None,4,0
2,1678291194577601000,324,INTERNAL,None,None,5,0
2,1678291194744251000,325,INTERNAL,None,None,4,0
2,1678291194910932000,326,INTERNAL,None,None,6,0
2,1678291195077592000,327,INTERNAL,None,None,4,0
2,1678291195244260000,328,INTERNAL,None,None,6,0
2,1678291195410930000,329,INTERNAL,None,None,6,0
2,1678291195577581000,330,INTERNAL,None,None,5,0
2,1678291195744259000,331,INTERNAL,None,None,4,0
2,1678291195910920000,332,INTERNAL,None,None,4,0
2,1678291196077612000,333,INTERNAL,None,None,6,0
2,1678291196244248000,334,INTERNAL,None,None,5,0
2,1678291196410925000,335,INTERNAL,None,None,5,0
2,1678291196577583000,336,INTERNAL,None,None,6,0
2,1678291196744262000,337,INTERNAL,None,None,6,0
2,1678291196910927000,338,INTERNAL,None,None,4,0
2,1678291197077591000,339,INTERNAL,None,None,4,0
2,1678291197244286000,340,INTERNAL,None,None,6,0
2,1678291197410917000,341,INTERNAL,None,None,6,0
2,1678291197577579000,342,INTERNAL,None,None,6,0
2,1678291197744300000,343,SEND,2,1,1,0
2,1678291197910969000,344,SEND,2,1,1,0
2,1678291198077596000,345,INTERNAL,None,None,4,0
2,1678291198244285000,346,INTERNAL,None,None,4,0
2,1678291198410930000,347,INTERNAL,None,None,4,0
2,1678291198577590000,348,INTERNAL,None,None,6,0
2,1678291198744259000,349,INTERNAL,None,None,4,0
2,1678291198910929000,350,INTERNAL,None,None,5,0
2,1678291199077644000,351,SEND,2,1,1,0
2,1678291199244262000,352,INTERNAL,None,None,4,0
2,1678291199410931000,353,INTERNAL,None,None,5,0
2,1678291199577594000,354,INTERNAL,None,None,5,0
2,1678291199744267000,355,INTERNAL,None,None,6,0
2,1678291199910935000,356,INTERNAL,None,None,6,0
2,1678291200077604000,357,INTERNAL,None,None,4,0
2,1678291200244271000,358,INTERNAL,None,None,4,0
2,1678291200410935000,359,INTERNAL,None,None,5,0
2,1678291200577636000,360,SEND,2,1,1,0
2,1678291200744245000,361,INTERNAL,None,None,6,0
2,1678291200910941000,362,INTERNAL,None,None,5,0
2,1678291201077618000,363,INTERNAL,None,None,6,0
2,1678291201244271000,364,INTERNAL,None,None,6,0
2,1678291201410940000,365,INTERNAL,None,None,5,0
2,1678291201577594000,366,INTERNAL,None,None,6,0
2,1678291201744265000,367,INTERNAL,None,None,4,0
2,1678291201910938000,368,INTERNAL,None,None,5,0
2,1678291202077599000,369,INTERNAL,None,None,6,0
2,1678291202244329000,370,SEND,2,1,1,0
2,1678291202410966000,371,INTERNAL,None,None,6,0
2,1678291202577595000,372,INTERNAL,None,None,5,0
2,1678291202744272000,373,INTERNAL,None,None,6,0
2,1678291202910933000,374,INTERNAL,None,None,4,0
2,1678291203077648000,375,SEND,2,1,3,0
2,1678291203077844000,375,SEND,2,3,3,0
2,1678291203244284000,376,INTERNAL,None,None,5,0
2,1678291203410940000,377,INTERNAL,None,None,5,0
2,1678291203577595000,378,INTERNAL,None,None,5,0
2,1678291203744298000,379,INTERNAL,None,None,6,0
2,1678291203910945000,380,INTERNAL,None,None,5,0
2,1678291204077620000,381,INTERNAL,None,None,4,0
2,1678291204244318000,382,INTERNAL,None,None,5,0
2,1678291204410954000,383,INTERNAL,None,None,6,0
2,1678291204577605000,384,INTERNAL,None,None,4,0
2,1678291204744279000,385,INTERNAL,None,None,4,0
2,1678291204910935000,386,INTERNAL,None,None,6,0
2,1678291205077619000,387,INTERNAL,None,None,6,0
2,1678291205244283000,388,INTERNAL,None,None,4,0
